Date,returns,Y_return,vol-20,vol_20,T_vol_shock,lag_return
2018-01-31,-0.00198848158521139,-0.00198848158521139,0.00447052665996003,0.00447052665996003,0,-0.0072813500350773
2018-02-01,-0.000979814128127614,-0.000979814128127614,0.00451014870002821,0.00451014870002821,0,-0.00198848158521139
2018-02-02,-0.0235392139330769,-0.0235392139330769,0.00732714499298568,0.00732714499298568,0,-0.000979814128127614
2018-02-05,-0.00877862069830589,-0.00877862069830589,0.00759006465991967,0.00759006465991967,0,-0.0235392139330769
2018-02-06,-0.015904081654676,-0.015904081654676,0.00829788175719264,0.00829788175719264,0,-0.00877862069830589
2018-02-07,-0.00205481415395442,-0.00205481415395442,0.008292007661446,0.008292007661446,0,-0.015904081654676
2018-02-08,0.00951385114581387,0.00951385114581387,0.00860497623861488,0.00860497623861488,0,-0.00205481415395442
2018-02-09,-0.0115920444485001,-0.0115920444485001,0.00895051947567987,0.00895051947567987,0,0.00951385114581387
2018-02-12,0.00807825451708893,0.00807825451708893,0.00914170663040905,0.00914170663040905,0,-0.0115920444485001
2018-02-14,-0.00369281869170276,-0.00369281869170276,0.00904088113036798,0.00904088113036798,0,0.00807825451708893
2018-02-15,0.00423822366840798,0.00423822366840798,0.00909398612152677,0.00909398612152677,0,-0.00369281869170276
2018-02-16,-0.00887719744251492,-0.00887719744251492,0.00901283623475687,0.00901283623475687,0,0.00423822366840798
2018-02-19,-0.00709527028808444,-0.00709527028808444,0.00903578475823753,0.00903578475823753,0,-0.00887719744251492
2018-02-20,-0.00173587708467473,-0.00173587708467473,0.00877280580482303,0.00877280580482303,0,-0.00709527028808444
2018-02-21,0.00356971873148204,0.00356971873148204,0.00863544958490386,0.00863544958490386,0,-0.00173587708467473
2018-02-22,-0.00141962422792038,-0.00141962422792038,0.00805789161645857,0.00805789161645857,0,0.00356971873148204
2018-02-23,0.0103815157790081,0.0103815157790081,0.00859219872281514,0.00859219872281514,0,-0.00141962422792038
2018-02-26,0.00868861190841768,0.00868861190841768,0.00896457214970695,0.00896457214970695,0,0.0103815157790081
2018-02-27,-0.00267776470363507,-0.00267776470363507,0.00877834555094036,0.00877834555094036,0,0.00868861190841768
2018-02-28,-0.00583930571419501,-0.00583930571419501,0.0087442225246385,0.0087442225246385,0,-0.00267776470363507
2018-03-01,-0.00329337054388772,-0.00329337054388772,0.00874440368789861,0.00874440368789861,0,-0.00583930571419501
2018-03-05,-0.00955947595788153,-0.00955947595788153,0.0088677115546525,0.0088677115546525,0,-0.00329337054388772
2018-03-06,-0.0106366569240449,-0.0106366569240449,0.00769236082271936,0.00769236082271936,0,-0.00955947595788153
2018-03-07,-0.00931709993846152,-0.00931709993846152,0.00771663915517978,0.00771663915517978,0,-0.0106366569240449
2018-03-08,0.00867298109371104,0.00867298109371104,0.0074142260523782,0.0074142260523782,0,-0.00931709993846152
2018-03-09,-0.00154383686834955,-0.00154383686834955,0.00741212304445097,0.00741212304445097,0,0.00867298109371104
2018-03-12,0.0188448453263507,0.0188448453263507,0.00835601153228434,0.00835601153228434,0,-0.00154383686834955
2018-03-13,0.000522750722395459,0.000522750722395459,0.00795755981060911,0.00795755981060911,0,0.0188448453263507
2018-03-14,-0.00153080076923385,-0.00153080076923385,0.00772219863877331,0.00772219863877331,0,0.000522750722395459
2018-03-15,-0.00488661854644499,-0.00488661854644499,0.00775179819467606,0.00775179819467606,0,-0.00153080076923385
2018-03-16,-0.0160545978679463,-0.0160545978679463,0.00837769949580576,0.00837769949580576,0,-0.00488661854644499
2018-03-19,-0.00994620052782473,-0.00994620052782473,0.00842922363773205,0.00842922363773205,0,-0.0160545978679463
2018-03-20,0.00297742001846666,0.00297742001846666,0.00839342810855775,0.00839342810855775,0,-0.00994620052782473
2018-03-21,0.00304743832562943,0.00304743832562943,0.00844651081465417,0.00844651081465417,0,0.00297742001846666
2018-03-22,-0.0039960585982852,-0.0039960585982852,0.0084003737038753,0.0084003737038753,0,0.00304743832562943
2018-03-23,-0.0116047001015945,-0.0116047001015945,0.00870616903649254,0.00870616903649254,0,-0.0039960585982852
2018-03-26,0.0131754661607953,0.0131754661607953,0.00893286173900743,0.00893286173900743,0,-0.0116047001015945
2018-03-27,0.00526710788464159,0.00526710788464159,0.00875343219798403,0.00875343219798403,0,0.0131754661607953
2018-03-28,-0.00694166881475983,-0.00694166881475983,0.00882452328531987,0.00882452328531987,0,0.00526710788464159
2018-04-02,0.00965293558440993,0.00965293558440993,0.00915571669790306,0.00915571669790306,0,-0.00694166881475983
2018-04-03,0.0032458864317621,0.0032458864317621,0.00919960349933387,0.00919960349933387,0,0.00965293558440993
2018-04-04,-0.0114463840308595,-0.0114463840308595,0.00930079342348755,0.00930079342348755,0,0.0032458864317621
2018-04-05,0.0192393067589806,0.0192393067589806,0.0100608373659247,0.0100608373659247,0,-0.0114463840308595
2018-04-06,0.00062441758355455,0.00062441758355455,0.00979928395941494,0.00979928395941494,0,0.0192393067589806
2018-04-09,0.00461109571574758,0.00461109571574758,0.00967020674871594,0.00967020674871594,0,0.00062441758355455
2018-04-10,0.00220391118343264,0.00220391118343264,0.00966150226167406,0.00966150226167406,0,0.00461109571574758
2018-04-11,0.0014313950343947,0.0014313950343947,0.00869034464557912,0.00869034464557912,0,0.00220391118343264
2018-04-12,0.00397590062325686,0.00397590062325686,0.0087358874751745,0.0087358874751745,0,0.0014313950343947
2018-04-13,0.00209646733185008,0.00209646733185008,0.00873675914146201,0.00873675914146201,0,0.00397590062325686
2018-04-16,0.00454568971779421,0.00454568971779421,0.00869461524574786,0.00869461524574786,0,0.00209646733185008
2018-04-17,0.00193106648701368,0.00193106648701368,0.00773634432331108,0.00773634432331108,0,0.00454568971779421
2018-04-18,-0.00213524222004106,-0.00213524222004106,0.0073022105716852,0.0073022105716852,0,0.00193106648701368
2018-04-19,0.0037076219486611,0.0037076219486611,0.00730867697794491,0.00730867697794491,0,-0.00213524222004106
2018-04-20,-0.000118318833714025,-0.000118318833714025,0.00732206682189335,0.00732206682189335,0,0.0037076219486611
2018-04-23,0.00195287165320684,0.00195287165320684,0.00718638455687523,0.00718638455687523,0,-0.000118318833714025
2018-04-24,0.00279724173191446,0.00279724173191446,0.0064015494383931,0.0064015494383931,0,0.00195287165320684
2018-04-25,-0.00413500826601989,-0.00413500826601989,0.00611592094348231,0.00611592094348231,0,0.00279724173191446
2018-04-26,0.0044600055402558,0.0044600055402558,0.00609673181176194,0.00609673181176194,0,-0.00413500826601989
2018-04-27,0.00699201832749446,0.00699201832749446,0.00579983875013474,0.00579983875013474,0,0.0044600055402558
2018-04-30,0.00439069148292328,0.00439069148292328,0.00558717650774809,0.00558717650774809,0,0.00699201832749446
2018-05-02,-0.00198531157224683,-0.00198531157224683,0.0056731202453169,0.0056731202453169,0,0.00439069148292328
2018-05-03,-0.00358911985241983,-0.00358911985241983,0.00489258068511183,0.00489258068511183,0,-0.00198531157224683
2018-05-04,-0.00576587922802545,-0.00576587922802545,0.00339628494248215,0.00339628494248215,0,-0.00358911985241983
2018-05-07,0.00911707258457664,0.00911707258457664,0.00380105875194721,0.00380105875194721,0,-0.00576587922802545
2018-05-08,0.000214601084973642,0.000214601084973642,0.00375829288119839,0.00375829288119839,0,0.00911707258457664
2018-05-09,0.00222748903816284,0.00222748903816284,0.00375849452992444,0.00375849452992444,0,0.000214601084973642
2018-05-10,-0.00234412425445798,-0.00234412425445798,0.00386111727995744,0.00386111727995744,0,0.00222748903816284
2018-05-11,0.00835854768056403,0.00835854768056403,0.00412906838170753,0.00412906838170753,0,-0.00234412425445798
2018-05-14,9.21750020139687E-06,9.21750020139687E-06,0.00414316895501271,0.00414316895501271,0,0.00835854768056403
2018-05-15,-0.000439642847890064,-0.000439642847890064,0.00410204751092241,0.00410204751092241,0,9.21750020139687E-06
2018-05-16,-0.00563991126879452,-0.00563991126879452,0.00437901127146438,0.00437901127146438,0,-0.000439642847890064
2018-05-17,-0.00545183947228267,-0.00545183947228267,0.00455924190336149,0.00455924190336149,0,-0.00563991126879452
2018-05-18,-0.0081112711974544,-0.0081112711974544,0.00490677073642953,0.00490677073642953,0,-0.00545183947228267
2018-05-21,-0.00754986919776621,-0.00754986919776621,0.00520051155591841,0.00520051155591841,0,-0.0081112711974544
2018-05-22,0.00189993118880097,0.00189993118880097,0.00519935824527309,0.00519935824527309,0,-0.00754986919776621
2018-05-23,-0.01014463160082,-0.01014463160082,0.00559353617576395,0.00559353617576395,0,0.00189993118880097
2018-05-24,0.00797361040425136,0.00797361040425136,0.00587048331325774,0.00587048331325774,0,-0.01014463160082
2018-05-25,0.00864637057162349,0.00864637057162349,0.006117413907732,0.006117413907732,0,0.00797361040425136
2018-05-28,0.00784269833741265,0.00784269833741265,0.0061717400297923,0.0061717400297923,0,0.00864637057162349
2018-05-29,-0.00519189940558495,-0.00519189940558495,0.00618349393970985,0.00618349393970985,0,0.00784269833741265
2018-05-30,-0.00178374557747746,-0.00178374557747746,0.00618110293712438,0.00618110293712438,0,-0.00519189940558495
2018-05-31,0.0114097658238059,0.0114097658238059,0.00667497207961367,0.00667497207961367,0,-0.00178374557747746
2018-06-01,-0.00372803173613827,-0.00372803173613827,0.0065931373452675,0.0065931373452675,0,0.0114097658238059
2018-06-04,-0.00634948413268003,-0.00634948413268003,0.00641735607241094,0.00641735607241094,0,-0.00372803173613827
2018-06-05,-0.00333146964716185,-0.00333146964716185,0.00644817310399618,0.00644817310399618,0,-0.00634948413268003
2018-06-06,0.00860056590990892,0.00860056590990892,0.00674510513487607,0.00674510513487607,0,-0.00333146964716185
2018-06-07,0.00780307121976887,0.00780307121976887,0.00695882908752016,0.00695882908752016,0,0.00860056590990892
2018-06-08,-6.49348765086917E-05,-6.49348765086917E-05,0.00669144652758653,0.00669144652758653,0,0.00780307121976887
2018-06-11,0.00179078334282024,0.00179078334282024,0.00670594170204992,0.00670594170204992,0,-6.49348765086917E-05
2018-06-12,0.00516875227860961,0.00516875227860961,0.00680709432017842,0.00680709432017842,0,0.00179078334282024
2018-06-13,0.0012765783569831,0.0012765783569831,0.00666966031345644,0.00666966031345644,0,0.00516875227860961
2018-06-14,-0.00449121013647493,-0.00449121013647493,0.0066276014979855,0.0066276014979855,0,0.0012765783569831
2018-06-15,0.000892490782107191,0.000892490782107191,0.00630381652598982,0.00630381652598982,0,-0.00449121013647493
2018-06-18,-0.00165149058574634,-0.00165149058574634,0.00601235458469701,0.00601235458469701,0,0.000892490782107191
2018-06-19,-0.00831229035595547,-0.00831229035595547,0.00638345414321636,0.00638345414321636,0,-0.00165149058574634
2018-06-20,0.00573487985134415,0.00573487985134415,0.00591882308821899,0.00591882308821899,0,-0.00831229035595547
2018-06-21,-0.00287733014538496,-0.00287733014538496,0.00580112650930823,0.00580112650930823,0,0.00573487985134415
2018-06-22,0.00748973404895337,0.00748973404895337,0.00572690404119942,0.00572690404119942,0,-0.00287733014538496
2018-06-25,-0.00550396024440489,-0.00550396024440489,0.00566627617963804,0.00566627617963804,0,0.00748973404895337
2018-06-26,0.000622359262333898,0.000622359262333898,0.00551441937641317,0.00551441937641317,0,-0.00550396024440489
2018-06-27,-0.0091182990836828,-0.0091182990836828,0.00591319081403127,0.00591319081403127,0,0.000622359262333898
2018-06-28,-0.00774216903178129,-0.00774216903178129,0.00555373576230626,0.00555373576230626,0,-0.0091182990836828
2018-06-29,0.0117541463075279,0.0117541463075279,0.00615443638206682,0.00615443638206682,0,-0.00774216903178129
2018-07-02,-0.00533419455693732,-0.00533419455693732,0.006102541063728,0.006102541063728,0,0.0117541463075279
2018-07-03,0.00398934710978386,0.00398934710978386,0.00610321141263486,0.00610321141263486,0,-0.00533419455693732
2018-07-04,0.00652081020704419,0.00652081020704419,0.00597430859055825,0.00597430859055825,0,0.00398934710978386
2018-07-05,-0.00187274385489223,-0.00187274385489223,0.00572980444410398,0.00572980444410398,0,0.00652081020704419
2018-07-06,0.00212805252681888,0.00212805252681888,0.00575118094285507,0.00575118094285507,0,-0.00187274385489223
2018-07-09,0.0074218103557948,0.0074218103557948,0.00597571878524362,0.00597571878524362,0,0.00212805252681888
2018-07-10,0.00865592179676638,0.00865592179676638,0.00617273514580343,0.00617273514580343,0,0.0074218103557948
2018-07-11,9.58920600458281E-05,9.58920600458281E-05,0.00617035251177451,0.00617035251177451,0,0.00865592179676638
2018-07-12,0.00681798518714496,0.00681798518714496,0.00621462240259396,0.00621462240259396,0,9.58920600458281E-05
2018-07-13,-0.000390144734643325,-0.000390144734643325,0.00622224664375148,0.00622224664375148,0,0.00681798518714496
2018-07-16,-0.00747423005127743,-0.00747423005127743,0.00647985753552738,0.00647985753552738,0,-0.000390144734643325
2018-07-17,0.0064890199591898,0.0064890199591898,0.00624577282089369,0.00624577282089369,0,-0.00747423005127743
2018-07-18,-0.00251036895370613,-0.00251036895370613,0.00621456457237155,0.00621456457237155,0,0.0064890199591898
2018-07-19,-0.00212882431847883,-0.00212882431847883,0.00619246585967752,0.00619246585967752,0,-0.00251036895370613
2018-07-20,0.00483452129615027,0.00483452129615027,0.00607322239172034,0.00607322239172034,0,-0.00212882431847883
2018-07-23,0.00674815620130025,0.00674815620130025,0.00601486731428986,0.00601486731428986,0,0.00483452129615027
2018-07-24,0.00446012653674222,0.00446012653674222,0.00604735176470117,0.00604735176470117,0,0.00674815620130025
2018-07-25,-0.000206572687500961,-0.000206572687500961,0.00551577244634755,0.00551577244634755,0,0.00446012653674222
2018-07-26,0.00316600381918209,0.00316600381918209,0.00500573349858574,0.00500573349858574,0,-0.000206572687500961
2018-07-27,0.00989507665693427,0.00989507665693427,0.00484253880572582,0.00484253880572582,0,0.00316600381918209
2018-07-30,0.00364637794050134,0.00364637794050134,0.00447383010266701,0.00447383010266701,0,0.00989507665693427
2018-07-31,0.00325896514907181,0.00325896514907181,0.00446842988493285,0.00446842988493285,0,0.00364637794050134
2018-08-01,-0.000907363908746563,-0.000907363908746563,0.00446714917530507,0.00446714917530507,0,0.00325896514907181
2018-08-02,-0.008985979419681,-0.008985979419681,0.00508322005853153,0.00508322005853153,0,-0.000907363908746563
2018-08-03,0.0102718922559686,0.0102718922559686,0.00538981215952898,0.00538981215952898,0,-0.008985979419681
2018-08-06,0.00231228527318503,0.00231228527318503,0.00527192568428728,0.00527192568428728,0,0.0102718922559686
2018-08-07,0.000206404039769215,0.000206404039769215,0.00507946111514009,0.00507946111514009,0,0.00231228527318503
2018-08-08,0.00530222453041949,0.00530222453041949,0.0051111333705095,0.0051111333705095,0,0.000206404039769215
2018-08-09,0.00180624507663483,0.00180624507663483,0.00499645718806818,0.00499645718806818,0,0.00530222453041949
2018-08-10,-0.0035982427589175,-0.0035982427589175,0.00512667889533947,0.00512667889533947,0,0.00180624507663483
2018-08-13,-0.00647350874351178,-0.00647350874351178,0.00503516482372122,0.00503516482372122,0,-0.0035982427589175
2018-08-14,0.00696331478277028,0.00696331478277028,0.00505907850407541,0.00505907850407541,0,-0.00647350874351178
2018-08-16,-0.00438646426281584,-0.00438646426281584,0.00516157318369983,0.00516157318369983,0,0.00696331478277028
2018-08-17,0.00749924287778447,0.00749924287778447,0.00522356941712332,0.00522356941712332,0,-0.00438646426281584
2018-08-20,0.00703662366986328,0.00703662366986328,0.00530262327757139,0.00530262327757139,0,0.00749924287778447
2018-08-21,0.00165641867866302,0.00165641867866302,0.0052042298559823,0.0052042298559823,0,0.00703662366986328
2018-08-23,0.00102356304164887,0.00102356304164887,0.00518048666177638,0.00518048666177638,0,0.00165641867866302
2018-08-24,-0.00221698944151041,-0.00221698944151041,0.00524414517373297,0.00524414517373297,0,0.00102356304164887
2018-08-27,0.0116006545955401,0.0116006545955401,0.00567499029028486,0.00567499029028486,0,-0.00221698944151041
2018-08-28,0.0039734504070278,0.0039734504070278,0.00540571767791722,0.00540571767791722,0,0.0116006545955401
2018-08-29,-0.00397771015777484,-0.00397771015777484,0.0055503518681594,0.0055503518681594,0,0.0039734504070278
2018-08-30,-0.00129237723220296,-0.00129237723220296,0.00557279950364361,0.00557279950364361,0,-0.00397771015777484
2018-08-31,0.000316834169565224,0.000316834169565224,0.00555291761937903,0.00555291761937903,0,-0.00129237723220296
2018-09-03,-0.00843843077607522,-0.00843843077607522,0.0054998436330117,0.0054998436330117,0,0.000316834169565224
2018-09-04,-0.00537167428537343,-0.00537167428537343,0.00529203243960049,0.00529203243960049,0,-0.00843843077607522
2018-09-05,-0.0037699864738835,-0.0037699864738835,0.00536853794210085,0.00536853794210085,0,-0.00537167428537343
2018-09-06,0.00520993483407075,0.00520993483407075,0.00547491540178777,0.00547491540178777,0,-0.0037699864738835
2018-09-07,0.00451433947923792,0.00451433947923792,0.00544236490049905,0.00544236490049905,0,0.00520993483407075
2018-09-10,-0.0131151133900975,-0.0131151133900975,0.00623401789939351,0.00623401789939351,0,0.00451433947923792
2018-09-11,-0.0132539353477888,-0.0132539353477888,0.00685836526701743,0.00685836526701743,0,-0.0131151133900975
2018-09-12,0.00727362826196824,0.00727362826196824,0.00692988526840721,0.00692988526840721,0,-0.0132539353477888
2018-09-14,0.0126983717276078,0.0126983717276078,0.00733716220280115,0.00733716220280115,0,0.00727362826196824
2018-09-17,-0.0120082248727221,-0.0120082248727221,0.00778060053005655,0.00778060053005655,0,0.0126983717276078
2018-09-18,-0.00872593564245175,-0.00872593564245175,0.00779985487339081,0.00779985487339081,0,-0.0120082248727221
2018-09-19,-0.0039577439421344,-0.0039577439421344,0.00760013548571825,0.00760013548571825,0,-0.00872593564245175
2018-09-21,-0.0081555770621294,-0.0081555770621294,0.00770883959762462,0.00770883959762462,0,-0.0039577439421344
2018-09-24,-0.0158931654278473,-0.0158931654278473,0.00827998198705418,0.00827998198705418,0,-0.0081555770621294
2018-09-25,0.00908111374393129,0.00908111374393129,0.00869194760679913,0.00869194760679913,0,-0.0158931654278473
2018-09-26,-0.00123414294920821,-0.00123414294920821,0.00807398879620582,0.00807398879620582,0,0.00908111374393129
2018-09-27,-0.00692198215762652,-0.00692198215762652,0.0079592201820588,0.0079592201820588,0,-0.00123414294920821
2018-09-28,-0.00429977012414336,-0.00429977012414336,0.00796088030034723,0.00796088030034723,0,-0.00692198215762652
2018-10-01,0.00709702568596825,0.00709702568596825,0.00829017356570379,0.00829017356570379,0,-0.00429977012414336
2018-10-03,-0.0137243562680507,-0.0137243562680507,0.00858834385300602,0.00858834385300602,0,0.00709702568596825
2018-10-04,-0.0241419158184583,-0.0241419158184583,0.00969563058234584,0.00969563058234584,0,-0.0137243562680507
2018-10-05,-0.0270435163392156,-0.0270435163392156,0.0109373477482847,0.0109373477482847,1,-0.0241419158184583
2018-10-08,0.00305834973075396,0.00305834973075396,0.0111001667428734,0.0111001667428734,1,-0.0270435163392156
2018-10-09,-0.00455226446233563,-0.00455226446233563,0.0108307423847446,0.0108307423847446,0,0.00305834973075396
2018-10-10,0.0153221686492237,0.0153221686492237,0.0116071703627246,0.0116071703627246,1,-0.00455226446233563
2018-10-11,-0.0217889211657315,-0.0217889211657315,0.0120740846805814,0.0120740846805814,1,0.0153221686492237
2018-10-12,0.0229737135285508,0.0229737135285508,0.0134929516274128,0.0134929516274128,1,-0.0217889211657315
2018-10-15,0.00381225146001352,0.00381225146001352,0.0133657516359488,0.0133657516359488,1,0.0229737135285508
2018-10-16,0.00684926068102256,0.00684926068102256,0.0130430793628058,0.0130430793628058,1,0.00381225146001352
2018-10-17,-0.0125205028099025,-0.0125205028099025,0.0130596863484755,0.0130596863484755,1,0.00684926068102256
2018-10-19,-0.0144053060779479,-0.0144053060779479,0.0132231240239761,0.0132231240239761,1,-0.0125205028099025
2018-10-22,-0.00567429355171403,-0.00567429355171403,0.0132248377404963,0.0132248377404963,1,-0.0144053060779479
2018-10-23,-0.00965581794569783,-0.00965581794569783,0.0132502486256674,0.0132502486256674,1,-0.00567429355171403
2018-10-24,0.00765288615738511,0.00765288615738511,0.0132478459284737,0.0132478459284737,1,-0.00965581794569783
2018-10-25,-0.00981347677096488,-0.00981347677096488,0.0129738787902312,0.0129738787902312,1,0.00765288615738511
2018-10-26,-0.00941717300740265,-0.00941717300740265,0.0129961196148634,0.0129961196148634,1,-0.00981347677096488
2018-10-29,0.0217799888950052,0.0217799888950052,0.0142779038044101,0.0142779038044101,1,-0.00941717300740265
2018-10-30,-0.0051297073253929,-0.0051297073253929,0.0142817868183917,0.0142817868183917,1,0.0217799888950052
2018-10-31,0.0182855926765914,0.0182855926765914,0.0149221067517167,0.0149221067517167,1,-0.0051297073253929
2018-11-01,-0.000592228005428661,-0.000592228005428661,0.0147084424756557,0.0147084424756557,1,0.0182855926765914
2018-11-02,0.0164859314743342,0.0164859314743342,0.0143264185034702,0.0143264185034702,1,-0.000592228005428661
2018-11-05,-0.00275181651090683,-0.00275181651090683,0.0128902622895957,0.0128902622895957,1,0.0164859314743342
2018-11-06,0.000569962967837813,0.000569962967837813,0.0128813137900419,0.0128813137900419,1,-0.00275181651090683
2018-11-07,0.00647475703978764,0.00647475703978764,0.012872933432776,0.012872933432776,1,0.000569962967837813
2018-11-09,-0.00124626566361758,-0.00124626566361758,0.0124578104961571,0.0124578104961571,1,0.00647475703978764
2018-11-12,-0.009778218363148,-0.009778218363148,0.0115806283277948,0.0115806283277948,1,-0.00124626566361758
2018-11-13,0.00952309425403539,0.00952309425403539,0.0105981783677755,0.0105981783677755,0,-0.009778218363148
2018-11-14,-0.000586063060967349,-0.000586063060967349,0.0105719216578218,0.0105719216578218,0,0.00952309425403539
2018-11-15,0.00381262110730877,0.00381262110730877,0.0104944722862097,0.0104944722862097,0,-0.000586063060967349
2018-11-16,0.00615057165250588,0.00615057165250588,0.0101321627434265,0.0101321627434265,0,0.00381262110730877
2018-11-19,0.00757270313114419,0.00757270313114419,0.00953822133823489,0.00953822133823489,0,0.00615057165250588
2018-11-20,-0.0100096255237306,-0.0100096255237306,0.00977257247174005,0.00977257247174005,0,0.00757270313114419
2018-11-21,-0.00528320105679473,-0.00528320105679473,0.0095451425559156,0.0095451425559156,0,-0.0100096255237306
2018-11-22,-0.0069390631315694,-0.0069390631315694,0.00966216214526966,0.00966216214526966,0,-0.00528320105679473
2018-11-26,0.00962880766907034,0.00962880766907034,0.00944431410410761,0.00944431410410761,0,-0.0069390631315694
2018-11-27,0.00534855992464266,0.00534855992464266,0.00903804907300098,0.00903804907300098,0,0.00962880766907034
2018-11-28,0.00403933422378142,0.00403933422378142,0.007915938271774,0.007915938271774,0,0.00534855992464266
2018-11-29,0.0120302816382299,0.0120302816382299,0.00800020421233395,0.00800020421233395,0,0.00403933422378142
2018-11-30,0.00166086358225446,0.00166086358225446,0.00716326532078606,0.00716326532078606,0,0.0120302816382299
2018-12-03,0.000643367591871073,0.000643367591871073,0.00714225538726234,0.00714225538726234,0,0.00166086358225446
2018-12-04,-0.00131014924559168,-0.00131014924559168,0.00635600981717598,0.00635600981717598,0,0.000643367591871073
2018-12-05,-0.00799911968882179,-0.00799911968882179,0.0066416592814149,0.0066416592814149,0,-0.00131014924559168
2018-12-06,-0.0169990595794747,-0.0169990595794747,0.00779348291735565,0.00779348291735565,0,-0.00799911968882179
2018-12-07,0.00869227863660636,0.00869227863660636,0.00790044362555833,0.00790044362555833,0,-0.0169990595794747
2018-12-10,-0.0193801309422876,-0.0193801309422876,0.00906047096739814,0.00906047096739814,0,0.00869227863660636
2018-12-11,0.00577065464379286,0.00577065464379286,0.00888412623724322,0.00888412623724322,0,-0.0193801309422876
2018-12-12,0.0177062390577532,0.0177062390577532,0.00949761654728326,0.00949761654728326,0,0.00577065464379286
2018-12-13,0.00501183834102776,0.00501183834102776,0.00953926245638876,0.00953926245638876,0,0.0177062390577532
2018-12-14,0.00128725216876733,0.00128725216876733,0.00951686358058207,0.00951686358058207,0,0.00501183834102776
2018-12-17,0.00764271988581329,0.00764271988581329,0.00956606926462224,0.00956606926462224,0,0.00128725216876733
2018-12-18,0.0018672794743269,0.0018672794743269,0.00944263263534572,0.00944263263534572,0,0.00764271988581329
2018-12-19,0.00535744647436182,0.00535744647436182,0.00914848072550355,0.00914848072550355,0,0.0018672794743269
2018-12-20,-0.00142338719912167,-0.00142338719912167,0.00903927431952752,0.00903927431952752,0,0.00535744647436182
2018-12-21,-0.0182169348003538,-0.0182169348003538,0.00991175325292185,0.00991175325292185,0,-0.00142338719912167
2018-12-24,-0.0084510833319759,-0.0084510833319759,0.00991434960971698,0.00991434960971698,0,-0.0182169348003538
2018-12-26,0.00620284558719554,0.00620284558719554,0.00993967035652492,0.00993967035652492,0,-0.0084510833319759
2018-12-27,0.00464445367196375,0.00464445367196375,0.00995286322668205,0.00995286322668205,0,0.00620284558719554
2018-12-28,0.00740314801507744,0.00740314801507744,0.00971523714923901,0.00971523714923901,0,0.00464445367196375
2018-12-31,0.000243933262759476,0.000243933262759476,0.00970769400695392,0.00970769400695392,0,0.00740314801507744
2019-01-02,-0.00646962714501126,-0.00646962714501126,0.00981011912381456,0.00981011912381456,0,0.000243933262759476
2019-01-03,-0.0112045337615007,-0.0112045337615007,0.0101024488172053,0.0101024488172053,0,-0.00646962714501126
2019-01-04,0.00514960393125237,0.00514960393125237,0.0100448948040465,0.0100448948040465,0,-0.0112045337615007
2019-01-07,0.0041350713736188,0.0041350713736188,0.00927308626320941,0.00927308626320941,0,0.00514960393125237
2019-01-08,0.00281363456255002,0.00281363456255002,0.00910128100617039,0.00910128100617039,0,0.0041350713736188
2019-01-09,0.00489443318339992,0.00489443318339992,0.0078413284928133,0.0078413284928133,0,0.00281363456255002
2019-01-10,-0.00309555704075734,-0.00309555704075734,0.00785078767849549,0.00785078767849549,0,0.00489443318339992
2019-01-11,-0.00246565042103322,-0.00246565042103322,0.00686225986639086,0.00686225986639086,0,-0.00309555704075734
2019-01-14,-0.00532688623236037,-0.00532688623236037,0.00687536277338917,0.00687536277338917,0,-0.00246565042103322
2019-01-15,0.0137994642136697,0.0137994642136697,0.00755803160248717,0.00755803160248717,0,-0.00532688623236037
2019-01-16,0.000321438583917674,0.000321438583917674,0.00736226625746517,0.00736226625746517,0,0.0137994642136697
2019-01-17,0.00136729076610651,0.00136729076610651,0.00735647058845292,0.00735647058845292,0,0.000321438583917674
2019-01-18,0.000160461024925609,0.000160461024925609,0.00724765604083954,0.00724765604083954,0,0.00136729076610651
2019-01-21,0.00502080862969245,0.00502080862969245,0.00733665555486102,0.00733665555486102,0,0.000160461024925609
2019-01-22,-0.00357325714661642,-0.00357325714661642,0.00603296603219891,0.00603296603219891,0,0.00502080862969245
2019-01-23,-0.0083892145371515,-0.0083892145371515,0.00602799824408986,0.00602799824408986,0,-0.00357325714661642
2019-01-24,0.00168807305815897,0.00168807305815897,0.00589741719538492,0.00589741719538492,0,-0.0083892145371515
2019-01-25,-0.0064030621649687,-0.0064030621649687,0.00601059834742386,0.00601059834742386,0,0.00168807305815897
2019-01-28,-0.011099773244971,-0.011099773244971,0.00623161610785475,0.00623161610785475,0,-0.0064030621649687
2019-01-29,-0.000877331297843673,-0.000877331297843673,0.00622561865853374,0.00622561865853374,0,-0.011099773244971
2019-01-30,-3.7588305017561E-05,-3.7588305017561E-05,0.00609167944482177,0.00609167944482177,0,-0.000877331297843673
2019-01-31,0.0166789208742785,0.0166789208742785,0.00670986451855901,0.00670986451855901,0,-3.7588305017561E-05
2019-02-01,0.00577229202981644,0.00577229202981644,0.00673281735225611,0.00673281735225611,0,0.0166789208742785
2019-02-04,0.00170592486918626,0.00170592486918626,0.00669068079793258,0.00669068079793258,0,0.00577229202981644
2019-02-05,0.0020231630833451,0.0020231630833451,0.00667953826986778,0.00667953826986778,0,0.00170592486918626
2019-02-06,0.0116473337260758,0.0116473337260758,0.00706704370381616,0.00706704370381616,0,0.0020231630833451
2019-02-07,0.000628071793091696,0.000628071793091696,0.00700373518667527,0.00700373518667527,0,0.0116473337260758
2019-02-08,-0.0114298051881045,-0.0114298051881045,0.00751431024914575,0.00751431024914575,0,0.000628071793091696
2019-02-11,-0.00502005471153845,-0.00502005471153845,0.00750169526187073,0.00750169526187073,0,-0.0114298051881045
2019-02-12,-0.00528536083162485,-0.00528536083162485,0.00694041600495256,0.00694041600495256,0,-0.00502005471153845
2019-02-14,-0.00791113225247109,-0.00791113225247109,0.00714552512380819,0.00714552512380819,0,-0.00528536083162485
2019-02-15,-0.00201667139746395,-0.00201667139746395,0.00713488361498985,0.00713488361498985,0,-0.00791113225247109
2019-02-18,-0.00781177162030717,-0.00781177162030717,0.00729713997205179,0.00729713997205179,0,-0.00201667139746395
2019-02-19,-0.00344552653839595,-0.00344552653839595,0.0071594333296354,0.0071594333296354,0,-0.00781177162030717
2019-02-20,0.0122871101436271,0.0122871101436271,0.00778699126974868,0.00778699126974868,0,-0.00344552653839595
2019-02-21,0.00505447360743497,0.00505447360743497,0.00768283225310956,0.00768283225310956,0,0.0122871101436271
2019-02-22,0.000166881936304724,0.000166881936304724,0.00767075376615759,0.00767075376615759,0,0.00505447360743497
2019-02-25,0.00816267351350315,0.00816267351350315,0.00774874622516584,0.00774874622516584,0,0.000166881936304724
2019-02-26,-0.00412609203189075,-0.00412609203189075,0.00734773957977251,0.00734773957977251,0,0.00816267351350315
2019-02-27,-0.00264758310034471,-0.00264758310034471,0.0073797063868835,0.0073797063868835,0,-0.00412609203189075
2019-02-28,-0.00131027307959388,-0.00131027307959388,0.00739205740138866,0.00739205740138866,0,-0.00264758310034471
2019-03-01,0.00655709774566334,0.00655709774566334,0.00653402729910467,0.00653402729910467,0,-0.00131027307959388
2019-03-05,0.0113451839580339,0.0113451839580339,0.00689525177287251,0.00689525177287251,0,0.00655709774566334
2019-03-06,0.0059481541776258,0.0059481541776258,0.00700104819210196,0.00700104819210196,0,0.0113451839580339
2019-03-07,0.000470367538843956,0.000470367538843956,0.00699351722771696,0.00699351722771696,0,0.0059481541776258
2019-03-08,-0.00206392911760777,-0.00206392911760777,0.00650473093646709,0.00650473093646709,0,0.000470367538843956
2019-03-11,0.0119486828487988,0.0119486828487988,0.00704369519501045,0.00704369519501045,0,-0.00206392911760777
2019-03-12,0.0118519264539069,0.0118519264539069,0.00690052788765537,0.00690052788765537,0,0.0119486828487988
2019-03-13,0.00357728404851372,0.00357728404851372,0.00673164052645673,0.00673164052645673,0,0.0118519264539069
2019-03-14,0.000136637257438697,0.000136637257438697,0.00652728271617951,0.00652728271617951,0,0.00357728404851372
2019-03-15,0.00734296172993411,0.00734296172993411,0.00615060200705592,0.00615060200705592,0,0.000136637257438697
2019-03-18,0.00308886689015875,0.00308886689015875,0.00603314055744309,0.00603314055744309,0,0.00734296172993411
2019-03-19,0.00610581715863956,0.00610581715863956,0.0054558086327154,0.0054558086327154,0,0.00308886689015875
2019-03-20,-0.000984719142560533,-0.000984719142560533,0.00530416409123688,0.00530416409123688,0,0.00610581715863956
2019-03-22,-0.00558357731469638,-0.00558357731469638,0.00536535060147744,0.00536535060147744,0,-0.000984719142560533
2019-03-25,-0.00900007950222714,-0.00900007950222714,0.00599974537175252,0.00599974537175252,0,-0.00558357731469638
2019-03-26,0.0112973286932164,0.0112973286932164,0.00627693933162312,0.00627693933162312,0,-0.00900007950222714
2019-03-27,-0.00333214682146283,-0.00333214682146283,0.00631568166325165,0.00631568166325165,0,0.0112973286932164
2019-03-28,0.010858236155871,0.010858236155871,0.00637290930042321,0.00637290930042321,0,-0.00333214682146283
2019-04-01,0.00853309958272541,0.00853309958272541,0.00631567366789882,0.00631567366789882,0,0.010858236155871
2019-04-02,0.00376778687303567,0.00376778687303567,0.00619874415754465,0.00619874415754465,0,0.00853309958272541
2019-04-03,-0.00592967907048192,-0.00592967907048192,0.00655606071229746,0.00655606071229746,0,0.00376778687303567
2019-04-04,-0.00395407913661549,-0.00395407913661549,0.0064808154805668,0.0064808154805668,0,-0.00592967907048192
2019-04-05,0.0058416896509144,0.0058416896509144,0.00647805363296459,0.00647805363296459,0,-0.00395407913661549
2019-04-08,-0.00528140518415089,-0.00528140518415089,0.00670584972442791,0.00670584972442791,0,0.0058416896509144
2019-04-09,0.00579559026779309,0.00579559026779309,0.00665994032156819,0.00665994032156819,0,-0.00528140518415089
2019-04-10,-0.00753782795083545,-0.00753782795083545,0.00667707666872011,0.00667707666872011,0,0.00579559026779309
2019-04-11,0.00106987548490789,0.00106987548490789,0.00624669626794171,0.00624669626794171,0,-0.00753782795083545
2019-04-12,0.0040232151920855,0.0040232151920855,0.00625607664726166,0.00625607664726166,0,0.00106987548490789
2019-04-15,0.00401987482626547,0.00401987482626547,0.00627787135470508,0.00627787135470508,0,0.0040232151920855
2019-04-16,0.00824630644658104,0.00824630644658104,0.00632514044708069,0.00632514044708069,0,0.00401987482626547
2019-04-18,-0.00291849473211002,-0.00291849473211002,0.00639062669849541,0.00639062669849541,0,0.00824630644658104
2019-04-22,-0.0135649412667961,-0.0135649412667961,0.00708070425045842,0.00708070425045842,0,-0.00291849473211002
2019-04-23,-0.00159686527805551,-0.00159686527805551,0.00708772524050353,0.00708772524050353,0,-0.0135649412667961
2019-04-24,0.012891736947617,0.012891736947617,0.00748209028009631,0.00748209028009631,0,-0.00159686527805551
2019-04-25,-0.0072193711121507,-0.0072193711121507,0.0073644763254567,0.0073644763254567,0,0.012891736947617
2019-04-26,0.00964688746996101,0.00964688746996101,0.00725439636480061,0.00725439636480061,0,-0.0072193711121507
2019-04-30,-0.000553125580752655,-0.000553125580752655,0.00718999308916359,0.00718999308916359,0,0.00964688746996101
2019-05-02,-0.0019938224921165,-0.0019938224921165,0.00685808260290771,0.00685808260290771,0,-0.000553125580752655
2019-05-03,-0.00106668952385001,-0.00106668952385001,0.00660981565147281,0.00660981565147281,0,-0.0019938224921165
2019-05-06,-0.00978107795702945,-0.00978107795702945,0.00691068313112278,0.00691068313112278,0,-0.00106668952385001
2019-05-07,-0.00868978069037792,-0.00868978069037792,0.0070510973528574,0.0070510973528574,0,-0.00978107795702945
2019-05-08,-0.0121144301503351,-0.0121144301503351,0.00747675826776155,0.00747675826776155,0,-0.00868978069037792
2019-05-09,-0.00508802603528916,-0.00508802603528916,0.00734564408941471,0.00734564408941471,0,-0.0121144301503351
2019-05-10,-0.00202822956901858,-0.00202822956901858,0.00729534517372556,0.00729534517372556,0,-0.00508802603528916
2019-05-13,-0.011655690801341,-0.011655690801341,0.00742893745149583,0.00742893745149583,0,-0.00202822956901858
2019-05-14,0.00660250803211088,0.00660250803211088,0.00757519805260948,0.00757519805260948,0,-0.011655690801341
2019-05-15,-0.00581347183723328,-0.00581347183723328,0.00760437267410655,0.00760437267410655,0,0.00660250803211088
2019-05-16,0.00893190238330833,0.00893190238330833,0.0078809057687165,0.0078809057687165,0,-0.00581347183723328
2019-05-17,0.0132413800291101,0.0132413800291101,0.00847940405131721,0.00847940405131721,0,0.00893190238330833
2019-05-20,0.0362503520301785,0.0362503520301785,0.0117912899191845,0.0117912899191845,1,0.0132413800291101
2019-05-21,-0.0101244541453483,-0.0101244541453483,0.0119990234758801,0.0119990234758801,1,0.0362503520301785
2019-05-22,0.00245667213161283,0.00245667213161283,0.0115865532576062,0.0115865532576062,1,-0.0101244541453483
2019-05-23,-0.00691182559803929,-0.00691182559803929,0.0117003430348082,0.0117003430348082,1,0.00245667213161283
2019-05-24,0.0159186898748305,0.0159186898748305,0.0118891789566939,0.0118891789566939,1,-0.00691182559803929
2019-05-27,0.00678625187736734,0.00678625187736734,0.0118228315866314,0.0118228315866314,1,0.0159186898748305
2019-05-28,0.000335380555263964,0.000335380555263964,0.0116548681782888,0.0116548681782888,1,0.00678625187736734
2019-05-29,-0.00568734767868731,-0.00568734767868731,0.01174096215274,0.01174096215274,1,0.000335380555263964
2019-05-30,0.00712405090109489,0.00712405090109489,0.0118166906923222,0.0118166906923222,1,-0.00568734767868731
2019-05-31,-0.00193563897162802,-0.00193563897162802,0.0118260289429878,0.0118260289429878,1,0.00712405090109489
2019-06-03,0.0138061904475292,0.0138061904475292,0.01188174574272,0.01188174574272,1,-0.00193563897162802
2019-06-04,-0.00554948405330339,-0.00554948405330339,0.0117521127593383,0.0117521127593383,1,0.0138061904475292
2019-06-06,-0.0149089211116321,-0.0149089211116321,0.0119466026486757,0.0119466026486757,1,-0.00554948405330339
2019-06-07,0.00226869764530379,0.00226869764530379,0.0118266945139214,0.0118266945139214,1,-0.0149089211116321
2019-06-10,0.00437516250834826,0.00437516250834826,0.0117855316616844,0.0117855316616844,1,0.00226869764530379
2019-06-11,0.00359167128095974,0.00359167128095974,0.0112854319768717,0.0112854319768717,1,0.00437516250834826
2019-06-12,-0.00497654446995239,-0.00497654446995239,0.0114161899626096,0.0114161899626096,1,0.00359167128095974
2019-06-13,0.000659070300197349,0.000659070300197349,0.0112448772638157,0.0112448772638157,1,-0.00497654446995239
2019-06-14,-0.00764621523730026,-0.00764621523730026,0.0114162383915722,0.0114162383915722,1,0.000659070300197349
2019-06-17,-0.0128664484379438,-0.0128664484379438,0.0116088197051067,0.0116088197051067,1,-0.00764621523730026
2019-06-18,0.00165638617899829,0.00165638617899829,0.00817181867160931,0.00817181867160931,0,-0.0128664484379438
2019-06-19,-4.25991477416714E-06,-4.25991477416714E-06,0.00785706769734433,0.00785706769734433,0,0.00165638617899829
2019-06-20,0.0119287739074267,0.0119287739074267,0.00829121268168191,0.00829121268168191,0,-4.25991477416714E-06
2019-06-21,-0.0091400770377048,-0.0091400770377048,0.00840874815793749,0.00840874815793749,0,0.0119287739074267
2019-06-24,-0.00208755879216096,-0.00208755879216096,0.00756899184757603,0.00756899184757603,0,-0.0091400770377048
2019-06-25,0.00823969509310694,0.00823969509310694,0.00765031939425011,0.00765031939425011,0,-0.00208755879216096
2019-06-26,0.00432242335766143,0.00432242335766143,0.00772592811086653,0.00772592811086653,0,0.00823969509310694
2019-06-27,-0.000506562108922741,-0.000506562108922741,0.00762342878809686,0.00762342878809686,0,0.00432242335766143
2019-06-28,-0.00446038018753109,-0.00446038018753109,0.0074859118447597,0.0074859118447597,0,-0.000506562108922741
2019-07-01,0.00648928822008056,0.00648928822008056,0.00764578798881909,0.00764578798881909,0,-0.00446038018753109
2019-07-02,0.00376013097973552,0.00376013097973552,0.00697496910902012,0.00697496910902012,0,0.00648928822008056
2019-07-03,0.000541417886220562,0.000541417886220562,0.00688645971397243,0.00688645971397243,0,0.00376013097973552
2019-07-04,0.00251430140627127,0.00251430140627127,0.00600517634977016,0.00600517634977016,0,0.000541417886220562
2019-07-05,-0.0114152412136925,-0.0114152412136925,0.00654067369701243,0.00654067369701243,0,0.00251430140627127
2019-07-08,-0.0216143187984929,-0.0216143187984929,0.00799352462375448,0.00799352462375448,0,-0.0114152412136925
2019-07-09,-0.000233551992236036,-0.000233551992236036,0.00790932624356944,0.00790932624356944,0,-0.0216143187984929
2019-07-10,-0.00494475026532841,-0.00494475026532841,0.0079086450721281,0.0079086450721281,0,-0.000233551992236036
2019-07-11,0.00727849370428691,0.00727849370428691,0.00814919672060812,0.00814919672060812,0,-0.00494475026532841
2019-07-12,-0.00262804253297301,-0.00262804253297301,0.0080233445137381,0.0080233445137381,0,0.00727849370428691
2019-07-15,0.0030983856392326,0.0030983856392326,0.00757908742177426,0.00757908742177426,0,-0.00262804253297301
2019-07-16,0.00638685773225565,0.00638685773225565,0.00771787651873094,0.00771787651873094,0,0.0030983856392326
2019-07-17,0.00213278748103271,0.00213278748103271,0.00773439369512702,0.00773439369512702,0,0.00638685773225565
2019-07-18,-0.00778203991356737,-0.00778203991356737,0.00737980415285051,0.00737980415285051,0,0.00213278748103271
2019-07-19,-0.015437326885714,-0.015437326885714,0.00786374348163987,0.00786374348163987,0,-0.00778203991356737
2019-07-22,-0.00641762449493666,-0.00641762449493666,0.00794525118369238,0.00794525118369238,0,-0.015437326885714
2019-07-23,-0.00133617549562501,-0.00133617549562501,0.00760659769306947,0.00760659769306947,0,-0.00641762449493666
2019-07-24,-0.0052870732659151,-0.0052870732659151,0.00748795117598599,0.00748795117598599,0,-0.00133617549562501
2019-07-25,-0.00170039834132194,-0.00170039834132194,0.00747603079707295,0.00747603079707295,0,-0.0052870732659151
2019-07-26,0.00285310557718354,0.00285310557718354,0.00755624437271069,0.00755624437271069,0,-0.00170039834132194
2019-07-29,-0.00846331697526277,-0.00846331697526277,0.00739050690990704,0.00739050690990704,0,0.00285310557718354
2019-07-30,-0.00932008236534396,-0.00932008236534396,0.00734549452179009,0.00734549452179009,0,-0.00846331697526277
2019-07-31,0.00293645407697571,0.00293645407697571,0.00743534446776692,0.00743534446776692,0,-0.00932008236534396
2019-08-01,-0.0124899804498932,-0.0124899804498932,0.0075558448390207,0.0075558448390207,0,0.00293645407697571
2019-08-02,0.0015788630828992,0.0015788630828992,0.00746259801291371,0.00746259801291371,0,-0.0124899804498932
2019-08-05,-0.0123286385918027,-0.0123286385918027,0.00650874956439655,0.00650874956439655,0,0.0015788630828992
2019-08-06,0.00785396556627701,0.00785396556627701,0.0069338953564132,0.0069338953564132,0,-0.0123286385918027
2019-08-07,-0.00850776214660283,-0.00850776214660283,0.0070395489692634,0.0070395489692634,0,0.00785396556627701
2019-08-08,0.0161690837982416,0.0161690837982416,0.00793808949314191,0.00793808949314191,0,-0.00850776214660283
2019-08-09,0.00697318737546533,0.00697318737546533,0.00821138161819418,0.00821138161819418,0,0.0161690837982416
2019-08-13,-0.0166826297594268,-0.0166826297594268,0.00874472830969395,0.00874472830969395,0,0.00697318737546533
2019-08-14,0.00943296469728242,0.00943296469728242,0.00894012884934068,0.00894012884934068,0,-0.0166826297594268
2019-08-16,0.00166682533651526,0.00166682533651526,0.00892721951666079,0.00892721951666079,0,0.00943296469728242
2019-08-19,0.000552046769119205,0.000552046769119205,0.0088775081986603,0.0088775081986603,0,0.00166682533651526
2019-08-20,-0.00334380785142449,-0.00334380785142449,0.00833806772683238,0.00833806772683238,0,0.000552046769119205
2019-08-21,-0.00896260085905733,-0.00896260085905733,0.00843125769983449,0.00843125769983449,0,-0.00334380785142449
2019-08-22,-0.0163761903599742,-0.0163761903599742,0.00902615360556703,0.00902615360556703,0,-0.00896260085905733
2019-08-23,0.00815926153464599,0.00815926153464599,0.00931722513127711,0.00931722513127711,0,-0.0163761903599742
2019-08-26,0.020880542984677,0.020880542984677,0.0106309794289614,0.0106309794289614,0,0.00815926153464599
2019-08-27,0.00428639135155626,0.00428639135155626,0.0106621898892602,0.0106621898892602,0,0.020880542984677
2019-08-28,-0.00534954988404061,-0.00534954988404061,0.0105666960236349,0.0105666960236349,0,0.00428639135155626
2019-08-29,-0.0088932138970113,-0.0088932138970113,0.0105486638962975,0.0105486638962975,0,-0.00534954988404061
2019-08-30,0.00682250334649108,0.00682250334649108,0.0106529381071859,0.0106529381071859,0,-0.0088932138970113
2019-09-03,-0.020654971620242,-0.020654971620242,0.0112776523335329,0.0112776523335329,1,0.00682250334649108
2019-09-04,0.00432019988630989,0.00432019988630989,0.0113251083657621,0.0113251083657621,1,-0.020654971620242
2019-09-05,0.000299642034456098,0.000299642034456098,0.0109896641634424,0.0109896641634424,1,0.00432019988630989
2019-09-06,0.00902083303672415,0.00902083303672415,0.0110369289958858,0.0110369289958858,1,0.000299642034456098
2019-09-09,0.00518010742944178,0.00518010742944178,0.0109058220486027,0.0109058220486027,0,0.00902083303672415
2019-09-11,0.00296300057966009,0.00296300057966009,0.0103013827498234,0.0103013827498234,0,0.00518010742944178
2019-09-12,-0.00480509502549656,-0.00480509502549656,0.0102189848189371,0.0102189848189371,0,0.00296300057966009
2019-09-13,0.00844121710974828,0.00844121710974828,0.00966371554237418,0.00966371554237418,0,-0.00480509502549656
2019-09-16,-0.00655820799836375,-0.00655820799836375,0.00956258080826362,0.00956258080826362,0,0.00844121710974828
2019-09-17,-0.0170390027633122,-0.0170390027633122,0.0102676603366122,0.0102676603366122,0,-0.00655820799836375
2019-09-18,0.00212859210263114,0.00212859210263114,0.0102866641202802,0.0102866641202802,0,-0.0170390027633122
2019-09-19,-0.0126107725834497,-0.0126107725834497,0.0106028746042487,0.0106028746042487,0,0.00212859210263114
2019-09-20,0.0518247259951443,0.0518247259951443,0.0157805081923532,0.0157805081923532,1,-0.0126107725834497
2019-09-23,0.0285054094215263,0.0285054094215263,0.0162728778029318,0.0162728778029318,1,0.0518247259951443
2019-09-24,-0.00103500033370803,-0.00103500033370803,0.0162744863084786,0.0162744863084786,1,0.0285054094215263
2019-09-25,-0.0128538704574952,-0.0128538704574952,0.0161132796033868,0.0161132796033868,1,-0.00103500033370803
2019-09-26,0.011385783826013,0.011385783826013,0.0162508748674119,0.0162508748674119,1,-0.0128538704574952
2019-09-27,-0.00509451995093846,-0.00509451995093846,0.0162448582396535,0.0162448582396535,1,0.011385783826013
2019-09-30,-0.00330190772765916,-0.00330190772765916,0.0160937133792076,0.0160937133792076,1,-0.00509451995093846
2019-10-01,-0.0100331967125401,-0.0100331967125401,0.0162871854010741,0.0162871854010741,1,-0.00330190772765916
2019-10-03,-0.00404874790270053,-0.00404874790270053,0.0155024539388007,0.0155024539388007,1,-0.0100331967125401
2019-10-04,-0.0123841280362274,-0.0123841280362274,0.0158362299639049,0.0158362299639049,1,-0.00404874790270053
2019-10-07,-0.00433607094539046,-0.00433607094539046,0.0158885506037894,0.0158885506037894,1,-0.0123841280362274
2019-10-09,0.0166583095543537,0.0166583095543537,0.0161739259117507,0.0161739259117507,1,-0.00433607094539046
2019-10-10,-0.00698517344809233,-0.00698517344809233,0.0162626635633101,0.0162626635633101,1,0.0166583095543537
2019-10-11,0.00625567721973402,0.00625567721973402,0.0162997683884617,0.0162997683884617,1,-0.00698517344809233
2019-10-14,0.00318822727042312,0.00318822727042312,0.016242524792792,0.016242524792792,1,0.00625567721973402
2019-10-15,0.00765497971051819,0.00765497971051819,0.0162260522816547,0.0162260522816547,1,0.00318822727042312
2019-10-16,0.00311897227958794,0.00311897227958794,0.016114942699831,0.016114942699831,1,0.00765497971051819
2019-10-17,0.0106159568508184,0.0106159568508184,0.0155679946237443,0.0155679946237443,1,0.00311897227958794
2019-10-18,0.0064951495568105,0.0064951495568105,0.0155793580763546,0.0155793580763546,1,0.0106159568508184
2019-10-22,-0.00632254753198262,-0.00632254753198262,0.0152947548645474,0.0152947548645474,1,0.0064951495568105
2019-10-23,0.00135820087586517,0.00135820087586517,0.0103456068484087,0.0103456068484087,0,-0.00632254753198262
2019-10-24,-0.0018545120164875,-0.0018545120164875,0.00816267895046255,0.00816267895046255,0,0.00135820087586517
2019-10-25,0.000112298469891216,0.000112298469891216,0.00815961494109761,0.00815961494109761,0,-0.0018545120164875
2019-10-29,0.0173682334074765,0.0173682334074765,0.00845076568208134,0.00845076568208134,0,0.000112298469891216
2019-10-30,0.00484535017843299,0.00484535017843299,0.00816964758489533,0.00816964758489533,0,0.0173682334074765
2019-10-31,0.00281184055728331,0.00281184055728331,0.00804106668907677,0.00804106668907677,0,0.00484535017843299
2019-11-01,0.0011064782775295,0.0011064782775295,0.00796077456895545,0.00796077456895545,0,0.00281184055728331
2019-11-04,0.0042548242520918,0.0042548242520918,0.00747076519397385,0.00747076519397385,0,0.0011064782775295
2019-11-05,-0.0020202122992973,-0.0020202122992973,0.0073905785509016,0.0073905785509016,0,0.0042548242520918
2019-11-06,0.00409070603835377,0.00409070603835377,0.0064970247153663,0.0064970247153663,0,-0.0020202122992973
2019-11-07,0.00383683921421237,0.00383683921421237,0.00623520956944465,0.00623520956944465,0,0.00409070603835377
2019-11-08,-0.00868722390577939,-0.00868722390577939,0.00606390585749844,0.00606390585749844,0,0.00383683921421237
2019-11-11,0.000444957907494164,0.000444957907494164,0.00566251810352471,0.00566251810352471,0,-0.00868722390577939
2019-11-13,-0.00614637837284468,-0.00614637837284468,0.00595129397302142,0.00595129397302142,0,0.000444957907494164
2019-11-14,0.00266942468163122,0.00266942468163122,0.00594841105253856,0.00594841105253856,0,-0.00614637837284468
2019-11-15,0.00196491381250619,0.00196491381250619,0.00581271549584695,0.00581271549584695,0,0.00266942468163122
2019-11-18,-0.000920960388607121,-0.000920960388607121,0.00584202103937284,0.00584202103937284,0,0.00196491381250619
2019-11-19,0.00466742033210696,0.00466742033210696,0.00551171298294297,0.00551171298294297,0,-0.000920960388607121
2019-11-20,0.00492916399745798,0.00492916399745798,0.00544782605245114,0.00544782605245114,0,0.00466742033210696
2019-11-21,-0.00256173864930805,-0.00256173864930805,0.0052267352056721,0.0052267352056721,0,0.00492916399745798
2019-11-22,-0.0045220903960494,-0.0045220903960494,0.00540422660215763,0.00540422660215763,0,-0.00256173864930805
2019-11-25,0.0132858891358918,0.0132858891358918,0.00596731083834907,0.00596731083834907,0,-0.0045220903960494
2019-11-26,-0.00299026655449355,-0.00299026655449355,0.0060606575661062,0.0060606575661062,0,0.0132858891358918
2019-11-27,0.00521991035276626,0.00521991035276626,0.00493534644597402,0.00493534644597402,0,-0.00299026655449355
2019-11-28,0.00416052935079184,0.00416052935079184,0.00491187612188565,0.00491187612188565,0,0.00521991035276626
2019-11-29,-0.00785725523266999,-0.00785725523266999,0.00530069041609992,0.00530069041609992,0,0.00416052935079184
2019-12-02,-0.000651305031476376,-0.000651305031476376,0.00530896933388243,0.00530896933388243,0,-0.00785725523266999
2019-12-03,-0.00449207150091421,-0.00449207150091421,0.00535716385770426,0.00535716385770426,0,-0.000651305031476376
2019-12-04,0.00407698562041584,0.00407698562041584,0.00539625374354164,0.00539625374354164,0,-0.00449207150091421
2019-12-05,-0.00206136024746558,-0.00206136024746558,0.00535755675970786,0.00535755675970786,0,0.00407698562041584
2019-12-06,-0.00809534862199821,-0.00809534862199821,0.00559260889784498,0.00559260889784498,0,-0.00206136024746558
2019-12-09,0.00134121316052399,0.00134121316052399,0.00524735045389799,0.00524735045389799,0,-0.00809534862199821
2019-12-10,-0.00678317961889545,-0.00678317961889545,0.00546827977846435,0.00546827977846435,0,0.00134121316052399
2019-12-11,0.00448948435603967,0.00448948435603967,0.0053799364272452,0.0053799364272452,0,-0.00678317961889545
2019-12-12,0.0051628573460298,0.0051628573460298,0.00546609417827629,0.00546609417827629,0,0.00448948435603967
2019-12-13,0.00955182278396117,0.00955182278396117,0.00583022580131987,0.00583022580131987,0,0.0051628573460298
2019-12-16,-0.00271326741920336,-0.00271326741920336,0.00587165732363912,0.00587165732363912,0,0.00955182278396117
2019-12-17,0.00917055298070561,0.00917055298070561,0.00611286775707436,0.00611286775707436,0,-0.00271326741920336
2019-12-18,0.00464602490461052,0.00464602490461052,0.00610344650626654,0.00610344650626654,0,0.00917055298070561
2019-12-19,0.00310847517928573,0.00310847517928573,0.00606483089277485,0.00606483089277485,0,0.00464602490461052
2019-12-20,0.00098645499510191,0.00098645499510191,0.00591439439341161,0.00591439439341161,0,0.00310847517928573
2019-12-23,-0.000737719270985094,-0.000737719270985094,0.00523282072166262,0.00523282072166262,0,0.00098645499510191
2019-12-24,-0.00393836395343412,-0.00393836395343412,0.00527288270986754,0.00527288270986754,0,-0.000737719270985094
2019-12-26,-0.00723060049136413,-0.00723060049136413,0.00544689327546869,0.00544689327546869,0,-0.00393836395343412
2019-12-27,0.00978575751088409,0.00978575751088409,0.00580096535890952,0.00580096535890952,0,-0.00723060049136413
2019-12-30,0.000820337037825641,0.000820337037825641,0.00546669901852223,0.00546669901852223,0,0.00978575751088409
2019-12-31,-0.00715678957499506,-0.00715678957499506,0.00574540291962212,0.00574540291962212,0,0.000820337037825641
2020-01-01,0.00115394316310881,0.00115394316310881,0.00562482859135615,0.00562482859135615,0,-0.00715678957499506
2020-01-02,0.00815057993401325,0.00815057993401325,0.0058208794691039,0.0058208794691039,0,0.00115394316310881
2020-01-03,-0.00453304814233553,-0.00453304814233553,0.0059143939414486,0.0059143939414486,0,0.00815057993401325
2020-01-06,-0.0192907284731415,-0.0192907284731415,0.00719716508144048,0.00719716508144048,0,-0.00453304814233553
2020-01-07,0.00498216040327025,0.00498216040327025,0.00727058272962175,0.00727058272962175,0,-0.0192907284731415
2020-01-08,-0.00229257034343459,-0.00229257034343459,0.007101816168713,0.007101816168713,0,0.00498216040327025
2020-01-09,0.0157215247601046,0.0157215247601046,0.00782414806775516,0.00782414806775516,0,-0.00229257034343459
2020-01-10,0.00334245521037402,0.00334245521037402,0.00778694599656048,0.00778694599656048,0,0.0157215247601046
2020-01-13,0.00591793523449719,0.00591793523449719,0.00762187938141751,0.00762187938141751,0,0.00334245521037402
2020-01-14,0.00265269874251876,0.00265269874251876,0.00757880907952425,0.00757880907952425,0,0.00591793523449719
2020-01-15,-0.00153811314408478,-0.00153811314408478,0.00736603397181248,0.00736603397181248,0,0.00265269874251876
2020-01-16,0.000987918149970064,0.000987918149970064,0.00730880765445509,0.00730880765445509,0,-0.00153811314408478
2020-01-17,-0.000255011317607895,-0.000255011317607895,0.0072853677823382,0.0072853677823382,0,0.000987918149970064
2020-01-20,-0.0104000878592521,-0.0104000878592521,0.00766994778173405,0.00766994778173405,0,-0.000255011317607895
2020-01-21,-0.00448465945500918,-0.00448465945500918,0.00772948686819557,0.00772948686819557,0,-0.0104000878592521
2020-01-22,-0.00518597916373648,-0.00518597916373648,0.00776466846299377,0.00776466846299377,0,-0.00448465945500918
2020-01-23,0.00604839515930727,0.00604839515930727,0.00772130102410406,0.00772130102410406,0,-0.00518597916373648
2020-01-24,0.00555910421184782,0.00555910421184782,0.00750042693667499,0.00750042693667499,0,0.00604839515930727
2020-01-27,-0.0106086006564749,-0.0106086006564749,0.0078620968045428,0.0078620968045428,0,0.00555910421184782
2020-01-28,-0.00522861325063352,-0.00522861325063352,0.00778844200405803,0.00778844200405803,0,-0.0106086006564749
2020-01-29,0.00609464625525334,0.00609464625525334,0.0079197439722164,0.0079197439722164,0,-0.00522861325063352
2020-01-30,-0.00775497640507958,-0.00775497640507958,0.00783328963687836,0.00783328963687836,0,0.00609464625525334
2020-01-31,-0.00614223984763571,-0.00614223984763571,0.0078794739960944,0.0078794739960944,0,-0.00775497640507958
2020-02-03,-0.0214794247492997,-0.0214794247492997,0.00815585790454929,0.00815585790454929,0,-0.00614223984763571
2020-02-04,0.0229455485200191,0.0229455485200191,0.00971328591410119,0.00971328591410119,0,-0.0214794247492997
2020-02-05,0.00909897892012509,0.00909897892012509,0.00992234748476553,0.00992234748476553,0,0.0229455485200191
2020-02-06,0.00402853577236436,0.00402853577236436,0.00928785402950831,0.00928785402950831,0,0.00909897892012509
2020-02-07,-0.00326787682095913,-0.00326787682095913,0.0092682565423968,0.0092682565423968,0,0.00402853577236436
2020-02-10,-0.00554083688755273,-0.00554083688755273,0.00919472045436863,0.00919472045436863,0,-0.00326787682095913
2020-02-11,0.00632995389209582,0.00632995389209582,0.00931232532876785,0.00931232532876785,0,-0.00554083688755273
2020-02-12,0.00767615918045539,0.00767615918045539,0.00951215480887917,0.00951215480887917,0,0.00632995389209582
2020-02-13,-0.0021783703582192,-0.0021783703582192,0.00951105305083933,0.00951105305083933,0,0.00767615918045539
2020-02-14,-0.00503953156982333,-0.00503953156982333,0.00955833830982224,0.00955833830982224,0,-0.0021783703582192
2020-02-17,-0.00560038638967075,-0.00560038638967075,0.00936763519618301,0.00936763519618301,0,-0.00503953156982333
2020-02-18,-0.00443458085370797,-0.00443458085370797,0.00936658723555287,0.00936658723555287,0,-0.00560038638967075
2020-02-19,0.0110622386930189,0.0110622386930189,0.00966016570213318,0.00966016570213318,0,-0.00443458085370797
2020-02-20,-0.00372217115170022,-0.00372217115170022,0.00958915957854564,0.00958915957854564,0,0.0110622386930189
2020-02-24,-0.0210335307220504,-0.0210335307220504,0.010516709891381,0.010516709891381,0,-0.00372217115170022
2020-02-25,-0.00266640857156639,-0.00266640857156639,0.0103121565398011,0.0103121565398011,0,-0.0210335307220504
2020-02-26,-0.0101720381463894,-0.0101720381463894,0.0104682639335829,0.0104682639335829,0,-0.00266640857156639
2020-02-27,-0.00387788607782885,-0.00387788607782885,0.0103194200905188,0.0103194200905188,0,-0.0101720381463894
2020-02-28,-0.0378016423222764,-0.0378016423222764,0.0130212400104976,0.0130212400104976,1,-0.00387788607782885
2020-03-02,-0.00617880136300174,-0.00617880136300174,0.0130216196290785,0.0130216196290785,1,-0.0378016423222764
2020-03-03,0.015203486470955,0.015203486470955,0.0129528737031513,0.0129528737031513,1,-0.00617880136300174
2020-03-04,-0.00463768761430743,-0.00463768761430743,0.0115797511246452,0.0115797511246452,1,0.015203486470955
2020-03-05,0.00159857938127741,0.00159857938127741,0.0112801794519855,0.0112801794519855,1,-0.00463768761430743
2020-03-06,-0.025119853530178,-0.025119853530178,0.0121072563033604,0.0121072563033604,1,0.00159857938127741
2020-03-09,-0.0501949959864756,-0.0501949959864756,0.0157570655863651,0.0157570655863651,1,-0.025119853530178
2020-03-11,0.000664777162313346,0.000664777162313346,0.0158546663773688,0.0158546663773688,1,-0.0501949959864756
2020-03-12,-0.0866689498179395,-0.0866689498179395,0.0235214477268522,0.0235214477268522,1,0.000664777162313346
2020-03-13,0.0373584765423918,0.0373584765423918,0.025645919778333,0.025645919778333,1,-0.0866689498179395
2020-03-16,-0.0791741694511037,-0.0791741694511037,0.0298218747135921,0.0298218747135921,1,0.0373584765423918
2020-03-17,-0.025364151715096,-0.025364151715096,0.0298459687692149,0.0298459687692149,1,-0.0791741694511037
2020-03-18,-0.0571679271151333,-0.0571679271151333,0.031185150311741,0.031185150311741,1,-0.025364151715096
2020-03-19,-0.0245465995477513,-0.0245465995477513,0.0310617403691921,0.0310617403691921,1,-0.0571679271151333
2020-03-20,0.056691387944437,0.056691387944437,0.0348067224257246,0.0348067224257246,1,-0.0245465995477513
2020-03-23,-0.139037564610512,-0.139037564610512,0.0441280933436777,0.0441280933436777,1,0.056691387944437
2020-03-24,0.0247622921384647,0.0247622921384647,0.0454108289879745,0.0454108289879745,1,-0.139037564610512
2020-03-25,0.0641454460311806,0.0641454460311806,0.0491221021610697,0.0491221021610697,1,0.0247622921384647
2020-03-26,0.0381666543961639,0.0381666543961639,0.0506653378000208,0.0506653378000208,1,0.0641454460311806
2020-03-27,0.00217317510696394,0.00217317510696394,0.0507536111703141,0.0507536111703141,1,0.0381666543961639
2020-03-30,-0.0447678278737023,-0.0447678278737023,0.0509436365866033,0.0509436365866033,1,0.00217317510696394
2020-03-31,0.0375247784776983,0.0375247784776983,0.0522667849474788,0.0522667849474788,1,-0.0447678278737023
2020-04-01,-0.0408268644244905,-0.0408268644244905,0.0521815979874303,0.0521815979874303,1,0.0375247784776983
2020-04-03,-0.0208116418507,-0.0208116418507,0.0521260908133316,0.0521260908133316,1,-0.0408268644244905
2020-04-07,0.0840029521628223,0.0840029521628223,0.0566912790082656,0.0566912790082656,1,-0.0208116418507
2020-04-08,-0.0049541539879533,-0.0049541539879533,0.0566326197353216,0.0566326197353216,1,0.0840029521628223
2020-04-09,0.0406704613937413,0.0406704613937413,0.0570002307132247,0.0570002307132247,1,-0.0049541539879533
2020-04-13,-0.0130403274235616,-0.0130403274235616,0.0569874122677464,0.0569874122677464,1,0.0406704613937413
2020-04-15,-0.00765104832864856,-0.00765104832864856,0.0538666375932027,0.0538666375932027,1,-0.0130403274235616
2020-04-16,0.00753431678354248,0.00753431678354248,0.0530803947342692,0.0530803947342692,1,-0.00765104832864856
2020-04-17,0.030008489347116,0.030008489347116,0.0506167355462153,0.0506167355462153,1,0.00753431678354248
2020-04-20,-0.00052895424830471,-0.00052895424830471,0.050255384031199,0.050255384031199,1,0.030008489347116
2020-04-21,-0.0307424095868608,-0.0307424095868608,0.0489591658948522,0.0489591658948522,1,-0.00052895424830471
2020-04-22,0.0226607133769273,0.0226607133769273,0.0487016129457799,0.0487016129457799,1,-0.0307424095868608
2020-04-23,0.0136858755813272,0.0136858755813272,0.0472405840616723,0.0472405840616723,1,0.0226607133769273
2020-04-24,-0.0172732692247865,-0.0172732692247865,0.0339198546541198,0.0339198546541198,1,0.0136858755813272
2020-04-27,0.0138746591837446,0.0138746591837446,0.033744488012462,0.033744488012462,1,-0.0172732692247865
2020-04-28,0.0105664090072421,0.0105664090072421,0.0311364324558904,0.0311364324558904,1,0.0138746591837446
2020-04-29,0.0182160885502696,0.0182160885502696,0.0303620708998813,0.0303620708998813,1,0.0105664090072421
2020-04-30,0.0315842287594642,0.0315842287594642,0.0309241738834784,0.0309241738834784,1,0.0182160885502696
2020-05-04,-0.0591608351265545,-0.0591608351265545,0.0323158737195673,0.0323158737195673,1,0.0315842287594642
2020-05-05,-0.0095032789725698,-0.0095032789725698,0.0315861717809165,0.0315861717809165,1,-0.0591608351265545
2020-05-06,0.0070685522845569,0.0070685522845569,0.029821655310606,0.029821655310606,1,-0.0095032789725698
2020-05-07,-0.00778030775641108,-0.00778030775641108,0.029347981507854,0.029347981507854,1,0.0070685522845569
2020-05-08,0.00568550391778723,0.00568550391778723,0.0229943751765983,0.0229943751765983,1,-0.00778030775641108
2020-05-11,-0.0013303775813467,-0.0013303775813467,0.022946392506806,0.022946392506806,1,0.00568550391778723
2020-05-12,-0.00462693047095946,-0.00462693047095946,0.0211709872678823,0.0211709872678823,1,-0.0013303775813467
2020-05-13,0.0201297429354734,0.0201297429354734,0.0213559733781378,0.0213559733781378,1,-0.00462693047095946
2020-05-14,-0.0259969199371076,-0.0259969199371076,0.0221760481597235,0.0221760481597235,1,0.0201297429354734
2020-05-15,-0.000645571123658022,-0.000645571123658022,0.0221285246767443,0.0221285246767443,1,-0.0259969199371076
2020-05-18,-0.0349253614900619,-0.0349253614900619,0.0223787971946601,0.0223787971946601,1,-0.000645571123658022
2020-05-19,0.006309873650597,0.006309873650597,0.0224618228512965,0.0224618228512965,1,-0.0349253614900619
2020-05-20,0.0208916388393265,0.0208916388393265,0.0219594262862721,0.0219594262862721,1,0.006309873650597
2020-05-21,0.00436919559948092,0.00436919559948092,0.0213593493738147,0.0213593493738147,1,0.0208916388393265
2020-05-22,-0.00738478460081561,-0.00738478460081561,0.02114433685195,0.02114433685195,1,0.00436919559948092
2020-05-26,-0.00112907097030296,-0.00112907097030296,0.0208159557376364,0.0208159557376364,1,-0.00738478460081561
2020-05-27,0.0311735219299972,0.0311735219299972,0.0217896002559541,0.0217896002559541,1,-0.00112907097030296
2020-05-28,0.0186284514925433,0.0186284514925433,0.0220647807569338,0.0220647807569338,1,0.0311735219299972
2020-05-29,0.0094597775328531,0.0094597775328531,0.0217814482879036,0.0217814482879036,1,0.0186284514925433
2020-06-01,0.0253383526597206,0.0253383526597206,0.0213473477404308,0.0213473477404308,1,0.0094597775328531
2020-06-02,0.015445627746472,0.015445627746472,0.0164545848846269,0.0164545848846269,1,0.0253383526597206
2020-06-03,0.00822834218627852,0.00822834218627852,0.0161893031743421,0.0161893031743421,1,0.015445627746472
2020-06-04,-0.0032303807470657,-0.0032303807470657,0.0162650930452622,0.0162650930452622,1,0.00822834218627852
2020-06-05,0.0112092175696585,0.0112092175696585,0.0160989011986767,0.0160989011986767,1,-0.0032303807470657
2020-06-08,0.0024914146063168,0.0024914146063168,0.0161063310883098,0.0161063310883098,1,0.0112092175696585
2020-06-09,-0.0119521758820678,-0.0119521758820678,0.0164869701170668,0.0164869701170668,1,0.0024914146063168
2020-06-10,0.00689391082207179,0.00689391082207179,0.0163635318997516,0.0163635318997516,1,-0.0119521758820678
2020-06-11,-0.0213964383678065,-0.0213964383678065,0.0169359204651619,0.0169359204651619,1,0.00689391082207179
2020-06-12,0.00713469652577695,0.00713469652577695,0.0155456614690086,0.0155456614690086,1,-0.0213964383678065
2020-06-15,-0.016092064938005,-0.016092064938005,0.0161775317685751,0.0161775317685751,1,0.00713469652577695
2020-06-16,0.0101685110713788,0.0101685110713788,0.0134403660002561,0.0134403660002561,1,-0.016092064938005
2020-06-17,-0.00331895831870837,-0.00331895831870837,0.0135937717073438,0.0135937717073438,1,0.0101685110713788
2020-06-18,0.0210794466700884,0.0210794466700884,0.0136051354159111,0.0136051354159111,1,-0.00331895831870837
2020-06-19,0.0150228650029495,0.0150228650029495,0.0137720112368241,0.0137720112368241,1,0.0210794466700884
2020-06-22,0.00649944909750272,0.00649944909750272,0.0134129783778291,0.0134129783778291,1,0.0150228650029495
2020-06-23,0.0153788292551107,0.0153788292551107,0.013421361433649,0.013421361433649,1,0.00649944909750272
2020-06-24,-0.0159512242577638,-0.0159512242577638,0.0131636529939659,0.0131636529939659,1,0.0153788292551107
2020-06-25,-0.00159262485295213,-0.00159262485295213,0.0128385420924643,0.0128385420924643,1,-0.0159512242577638
2020-06-26,0.00910417112670767,0.00910417112670767,0.0128308862667164,0.0128308862667164,1,-0.00159262485295213
2020-06-29,-0.00682276079807591,-0.00682276079807591,0.0120078345535404,0.0120078345535404,1,0.00910417112670767
2020-06-30,-0.000999372490947765,-0.000999372490947765,0.0116255441528519,0.0116255441528519,1,-0.00682276079807591
2020-07-01,0.0123433241068104,0.0123433241068104,0.0117844889728567,0.0117844889728567,1,-0.000999372490947765
2020-07-02,0.0115959587525375,0.0115959587525375,0.0119170802020604,0.0119170802020604,1,0.0123433241068104
2020-07-03,0.00526011733882123,0.00526011733882123,0.011762543248949,0.011762543248949,1,0.0115959587525375
2020-07-06,0.014627632603289,0.014627632603289,0.0120847005542418,0.0120847005542418,1,0.00526011733882123
2020-07-07,0.00333900953403672,0.00333900953403672,0.0115718101480239,0.0115718101480239,1,0.014627632603289
2020-07-08,-0.00873278206098963,-0.00873278206098963,0.0118625814143535,0.0118625814143535,1,0.00333900953403672
2020-07-09,0.0100097674252967,0.0100097674252967,0.0104852204254966,0.0104852204254966,0,-0.00873278206098963
2020-07-10,-0.00420734959083762,-0.00420734959083762,0.0106353287580524,0.0106353287580524,0,0.0100097674252967
2020-07-13,0.00321272282409424,0.00321272282409424,0.00955244980816983,0.00955244980816983,0,-0.00420734959083762
2020-07-14,-0.0182490007348895,-0.0182490007348895,0.0107503781420184,0.0107503781420184,0,0.00321272282409424
2020-07-15,0.00102240808671975,0.00102240808671975,0.0106513703987203,0.0106513703987203,0,-0.0182490007348895
2020-07-16,0.0114009234448232,0.0114009234448232,0.010016208688076,0.010016208688076,0,0.00102240808671975
2020-07-17,0.014948306530617,0.014948306530617,0.0100115554995821,0.0100115554995821,0,0.0114009234448232
2020-07-20,0.0109926802508403,0.0109926802508403,0.0101412084494408,0.0101412084494408,0,0.014948306530617
2020-07-21,0.0126261109917779,0.0126261109917779,0.00998663531196075,0.00998663531196075,0,0.0109926802508403
2020-07-22,-0.00265984374196764,-0.00265984374196764,0.009043042758316,0.009043042758316,0,0.0126261109917779
2020-07-23,0.0074146036213253,0.0074146036213253,0.0089812258342516,0.0089812258342516,0,-0.00265984374196764
2020-07-24,-0.00190095410401862,-0.00190095410401862,0.0090092101144582,0.0090092101144582,0,0.0074146036213253
2020-07-27,-0.00558549557728527,-0.00558549557728527,0.00893666525197341,0.00893666525197341,0,-0.00190095410401862
2020-07-28,0.0150455200834502,0.0150455200834502,0.00919735505568047,0.00919735505568047,0,-0.00558549557728527
2020-07-29,-0.00868320446888663,-0.00868320446888663,0.0094664871203956,0.0094664871203956,0,0.0150455200834502
2020-07-30,-0.00902935690745174,-0.00902935690745174,0.00966787919225494,0.00966787919225494,0,-0.00868320446888663
2020-07-31,-0.00258844951916604,-0.00258844951916604,0.00971096097275224,0.00971096097275224,0,-0.00902935690745174
2020-08-03,-0.0165585548501213,-0.0165585548501213,0.0100980780440828,0.0100980780440828,0,-0.00258844951916604
2020-08-04,0.0185252747319563,0.0185252747319563,0.0108579643522388,0.0108579643522388,0,-0.0165585548501213
2020-08-05,0.000576692302956564,0.000576692302956564,0.0105994327205134,0.0105994327205134,0,0.0185252747319563
2020-08-06,0.00883342483924069,0.00883342483924069,0.0105547392615955,0.0105547392615955,0,0.000576692302956564
2020-08-07,0.00124023304182455,0.00124023304182455,0.0104626141454203,0.0104626141454203,0,0.00883342483924069
2020-08-10,0.00499023330785104,0.00499023330785104,0.0104807307095141,0.0104807307095141,0,0.00124023304182455
2020-08-11,0.00463422415328369,0.00463422415328369,0.00932568502902131,0.00932568502902131,0,0.00499023330785104
2020-08-12,-0.00124604951247464,-0.00124604951247464,0.00936805925778318,0.00936805925778318,0,0.00463422415328369
2020-08-13,-0.000703281717924113,-0.000703281717924113,0.00919629770938665,0.00919629770938665,0,-0.00124604951247464
2020-08-14,-0.0108591854891072,-0.0108591854891072,0.00917468718805243,0.00917468718805243,0,-0.000703281717924113
2020-08-17,0.0061269031823475,0.0061269031823475,0.00896494587173524,0.00896494587173524,0,-0.0108591854891072
2020-08-18,0.0122171240273109,0.0122171240273109,0.00893747880023757,0.00893747880023757,0,0.0061269031823475
2020-08-19,0.00202255347258447,0.00202255347258447,0.00889809362523401,0.00889809362523401,0,0.0122171240273109
2020-08-20,-0.0084681538079335,-0.0084681538079335,0.00902433611602473,0.00902433611602473,0,0.00202255347258447
2020-08-21,0.00523717810431352,0.00523717810431352,0.00906836510864728,0.00906836510864728,0,-0.0084681538079335
2020-08-24,0.00830641250992626,0.00830641250992626,0.00908663119601638,0.00908663119601638,0,0.00523717810431352
2020-08-25,0.000505678592222556,0.000505678592222556,0.00850744097862084,0.00850744097862084,0,0.00830641250992626
2020-08-26,0.00671969470245217,0.00671969470245217,0.00830288845206133,0.00830288845206133,0,0.000505678592222556
2020-08-27,0.000835211734821968,0.000835211734821968,0.00792748124137913,0.00792748124137913,0,0.00671969470245217
2020-08-28,0.00761413442161174,0.00761413442161174,0.00794374968264172,0.00794374968264172,0,0.000835211734821968
2020-08-31,-0.0225838540823065,-0.0225838540823065,0.00877630563674688,0.00877630563674688,0,0.00761413442161174
2020-09-01,0.00724046430721133,0.00724046430721133,0.00800185320709979,0.00800185320709979,0,-0.0225838540823065
2020-09-02,0.00562916473242889,0.00562916473242889,0.00804542286481427,0.00804542286481427,0,0.00724046430721133
2020-09-03,-0.000654727047062028,-0.000654727047062028,0.00789429477624388,0.00789429477624388,0,0.00562916473242889
2020-09-04,-0.0169373758997622,-0.0169373758997622,0.00890077427413,0.00890077427413,0,-0.000654727047062028
2020-09-07,0.00186877301498092,0.00186877301498092,0.00884566962792089,0.00884566962792089,0,-0.0169373758997622
2020-09-08,-0.00332564977978958,-0.00332564977978958,0.00882300009488731,0.00882300009488731,0,0.00186877301498092
2020-09-09,-0.00348298652909365,-0.00348298652909365,0.00885344972031301,0.00885344972031301,0,-0.00332564977978958
2020-09-10,0.0150703002864904,0.0150703002864904,0.0094804870035715,0.0094804870035715,0,-0.00348298652909365
2020-09-11,0.00132673443508319,0.00132673443508319,0.0090849364002958,0.0090849364002958,0,0.0150703002864904
2020-09-14,-0.00213062060778922,-0.00213062060778922,0.00903979898987959,0.00903979898987959,0,0.00132673443508319
2020-09-15,0.00712053661164903,0.00712053661164903,0.00877033227414853,0.00877033227414853,0,-0.00213062060778922
2020-09-16,0.00715636964398271,0.00715636964398271,0.00888862306611789,0.00888862306611789,0,0.00712053661164903
2020-09-17,-0.00765122339139883,-0.00765122339139883,0.00884530906702379,0.00884530906702379,0,0.00715636964398271
2020-09-18,-0.000968627845283166,-0.000968627845283166,0.00879360158239848,0.00879360158239848,0,-0.00765122339139883
2020-09-21,-0.0223603955336919,-0.0223603955336919,0.00997085730475254,0.00997085730475254,0,-0.000968627845283166
2020-09-22,-0.00865016536436374,-0.00865016536436374,0.0101097042897524,0.0101097042897524,0,-0.0223603955336919
2020-09-23,-0.00195649980518742,-0.00195649980518742,0.0099270768167711,0.0099270768167711,0,-0.00865016536436374
2020-09-24,-0.0297504608662972,-0.0297504608662972,0.011691943806598,0.011691943806598,1,-0.00195649980518742
2020-09-25,0.022393179194038,0.022393179194038,0.0128340362063627,0.0128340362063627,1,-0.0297504608662972
2020-09-28,0.0159175097829387,0.0159175097829387,0.0125686629985663,0.0125686629985663,1,0.022393179194038
2020-09-29,-0.000458746153822837,-0.000458746153822837,0.0124295608208222,0.0124295608208222,1,0.0159175097829387
2020-09-30,0.00223849401939661,0.00223849401939661,0.0123559644647533,0.0123559644647533,1,-0.000458746153822837
2020-10-01,0.0149488005669282,0.0149488005669282,0.0128779047335799,0.0128779047335799,1,0.00223849401939661
2020-10-05,0.00753915298099438,0.00753915298099438,0.0123853759340913,0.0123853759340913,1,0.0149488005669282
2020-10-06,0.0137317618015461,0.0137317618015461,0.0127216675180344,0.0127216675180344,1,0.00753915298099438
2020-10-07,0.00653379547853066,0.00653379547853066,0.0127225735786569,0.0127225735786569,1,0.0137317618015461
2020-10-08,0.00812359071240397,0.00812359071240397,0.0127322589158896,0.0127322589158896,1,0.00653379547853066
2020-10-09,0.00670357110102055,0.00670357110102055,0.0124281666152782,0.0124281666152782,1,0.00812359071240397
2020-10-12,0.00140489805940535,0.00140489805940535,0.012427959242445,0.012427959242445,1,0.00670357110102055
2020-10-13,0.000297484831388194,0.000297484831388194,0.0123973658847824,0.0123973658847824,1,0.00140489805940535
2020-10-14,0.0030578533826602,0.0030578533826602,0.0123442135063178,0.0123442135063178,1,0.000297484831388194
2020-10-15,-0.0245833094439902,-0.0245833094439902,0.0136099286705013,0.0136099286705013,1,0.0030578533826602
2020-10-16,0.00700436144856339,0.00700436144856339,0.0135522610336004,0.0135522610336004,1,-0.0245833094439902
2020-10-19,0.00935883875010935,0.00935883875010935,0.0136672278511937,0.0136672278511937,1,0.00700436144856339
2020-10-20,0.00199833051481226,0.00199833051481226,0.0124534780764818,0.0124534780764818,1,0.00935883875010935
2020-10-21,0.00342786391992476,0.00342786391992476,0.0121587426130791,0.0121587426130791,1,0.00199833051481226
2020-10-22,-0.00345725119362853,-0.00345725119362853,0.0121980847785755,0.0121980847785755,1,0.00342786391992476
2020-10-23,0.00284548803980801,0.00284548803980801,0.00940442305498524,0.00940442305498524,0,-0.00345725119362853
2020-10-26,-0.0137228017193982,-0.0137228017193982,0.00934627369734389,0.00934627369734389,0,0.00284548803980801
2020-10-27,0.0102845406889034,0.0102845406889034,0.00902032437020171,0.00902032437020171,0,-0.0137228017193982
2020-10-28,-0.0135317515260312,-0.0135317515260312,0.00972027004421351,0.00972027004421351,0,0.0102845406889034
2020-10-29,-0.00502554912860222,-0.00502554912860222,0.00985394947475592,0.00985394947475592,0,-0.0135317515260312
2020-10-30,-0.0024363388871729,-0.0024363388871729,0.009393399614449,0.009393399614449,0,-0.00502554912860222
2020-11-02,0.00229500061940095,0.00229500061940095,0.00927302541574348,0.00927302541574348,0,-0.0024363388871729
2020-11-03,0.0122943045330826,0.0122943045330826,0.00917184877786157,0.00917184877786157,0,0.00229500061940095
2020-11-04,0.00800948552974755,0.00800948552974755,0.00922749392359796,0.00922749392359796,0,0.0122943045330826
2020-11-05,0.0176292858444438,0.0176292858444438,0.0098526725414511,0.0098526725414511,0,0.00800948552974755
2020-11-06,0.0117497155151759,0.0117497155151759,0.0100635755692029,0.0100635755692029,0,0.0176292858444438
2020-11-09,0.0159763315871395,0.0159763315871395,0.0105749866539403,0.0105749866539403,0,0.0117497155151759
2020-11-10,0.0135542320664769,0.0135542320664769,0.0108627528190093,0.0108627528190093,0,0.0159763315871395
2020-11-11,0.00930263749036757,0.00930263749036757,0.0109587780312478,0.0109587780312478,1,0.0135542320664769
2020-11-12,-0.00458732724041328,-0.00458732724041328,0.00903965671722504,0.00903965671722504,0,0.00930263749036757
2020-11-13,0.00229433632712552,0.00229433632712552,0.00902267598051086,0.00902267598051086,0,-0.00458732724041328
2020-11-17,0.0120536814263419,0.0120536814263419,0.00912779315574002,0.00912779315574002,0,0.00229433632712552
2020-11-18,0.00496271649202738,0.00496271649202738,0.00911682495259703,0.00911682495259703,0,0.0120536814263419
2020-11-19,-0.0129562393724881,-0.0129562393724881,0.00989257694697415,0.00989257694697415,0,0.00496271649202738
2020-11-20,0.00681602743192641,0.00681602743192641,0.00978518497603365,0.00978518497603365,0,-0.0129562393724881
2020-11-23,0.00522778647906185,0.00522778647906185,0.0097862957429914,0.0097862957429914,0,0.00681602743192641
2020-11-24,0.00990710695853158,0.00990710695853158,0.00892096449277925,0.00892096449277925,0,0.00522778647906185
2020-11-25,-0.0151853972050903,-0.0151853972050903,0.00991783618676341,0.00991783618676341,0,0.00990710695853158
2020-11-26,0.00995153247618549,0.00995153247618549,0.00909964097069125,0.00909964097069125,0,-0.0151853972050903
2020-11-27,-0.00139080306913883,-0.00139080306913883,0.00892149869753309,0.00892149869753309,0,0.00995153247618549
2020-12-01,0.0107447624239942,0.0107447624239942,0.00880812484915369,0.00880812484915369,0,-0.00139080306913883
2020-12-02,0.000358481580749898,0.000358481580749898,0.00886070217781223,0.00886070217781223,0,0.0107447624239942
2020-12-03,0.00153540559126468,0.00153540559126468,0.00877412055312573,0.00877412055312573,0,0.000358481580749898
2020-12-04,0.0094459089596484,0.0094459089596484,0.00880331685113627,0.00880331685113627,0,0.00153540559126468
2020-12-07,0.00730439111265389,0.00730439111265389,0.00833692115901906,0.00833692115901906,0,0.0094459089596484
2020-12-08,0.00278145996061175,0.00278145996061175,0.00818628727690467,0.00818628727690467,0,0.00730439111265389
2020-12-09,0.0101144285625281,0.0101144285625281,0.00784813994911965,0.00784813994911965,0,0.00278145996061175
2020-12-10,-0.00376192196951616,-0.00376192196951616,0.00770548238923832,0.00770548238923832,0,0.0101144285625281
2020-12-11,0.00263408628168781,0.00263408628168781,0.00757274245045825,0.00757274245045825,0,-0.00376192196951616
2020-12-14,0.00327281477491878,0.00327281477491878,0.00736412044995385,0.00736412044995385,0,0.00263408628168781
2020-12-15,0.000715123436064903,0.000715123436064903,0.00738397312245553,0.00738397312245553,0,0.00327281477491878
2020-12-16,0.00842928064186414,0.00842928064186414,0.00719806842858973,0.00719806842858973,0,0.000715123436064903
2020-12-17,0.00422997043801646,0.00422997043801646,0.00718965548870349,0.00718965548870349,0,0.00842928064186414
2020-12-18,0.00144354258965746,0.00144354258965746,0.00615302331120572,0.00615302331120572,0,0.00422997043801646
2020-12-21,-0.0319086621563027,-0.0319086621563027,0.0100127394761326,0.0100127394761326,0,0.00144354258965746
2020-12-22,0.0102931274150867,0.0102931274150867,0.0101670805971043,0.0101670805971043,0,-0.0319086621563027
2020-12-23,0.00996038940229976,0.00996038940229976,0.0101692557123105,0.0101692557123105,0,0.0102931274150867
2020-12-24,0.010833634066335,0.010833634066335,0.00949012991450922,0.00949012991450922,0,0.00996038940229976
2020-12-28,0.00897465839516468,0.00897465839516468,0.00945681684621987,0.00945681684621987,0,0.010833634066335
2020-12-29,0.00427245429625828,0.00427245429625828,0.00939352804760853,0.00939352804760853,0,0.00897465839516468
2020-12-30,0.00353583616418228,0.00353583616418228,0.0092413589244613,0.0092413589244613,0,0.00427245429625828
2020-12-31,-1.43182276383048E-05,-1.43182276383048E-05,0.0092478149896676,0.0092478149896676,0,0.00353583616418228
2021-01-01,0.00262497806999467,0.00262497806999467,0.00924067095792402,0.00924067095792402,0,-1.43182276383048E-05
2021-01-04,0.00812755449347446,0.00812755449347446,0.00919882208881992,0.00919882208881992,0,0.00262497806999467
2021-01-05,0.00470131235786493,0.00470131235786493,0.00915590586807474,0.00915590586807474,0,0.00812755449347446
2021-01-06,-0.00375718142166394,-0.00375718142166394,0.00928235277339529,0.00928235277339529,0,0.00470131235786493
2021-01-07,-0.000629367622347468,-0.000629367622347468,0.00914270952161925,0.00914270952161925,0,-0.00375718142166394
2021-01-08,0.0147380825344642,0.0147380825344642,0.00943895086762891,0.00943895086762891,0,-0.000629367622347468
2021-01-11,0.00953808562855032,0.00953808562855032,0.00954573795190081,0.00954573795190081,0,0.0147380825344642
2021-01-12,0.00541860682210362,0.00541860682210362,0.00955546997547716,0.00955546997547716,0,0.00953808562855032
2021-01-13,9.60862167005152E-05,9.60862167005152E-05,0.00956622234034559,0.00956622234034559,0,0.00541860682210362
2021-01-14,0.00210902178956532,0.00210902178956532,0.00950056297606851,0.00950056297606851,0,9.60862167005152E-05
2021-01-15,-0.0111543229606528,-0.0111543229606528,0.0100236810940927,0.0100236810940927,0,0.00210902178956532
2021-01-18,-0.010614788200058,-0.010614788200058,0.0104419710947458,0.0104419710947458,0,-0.0111543229606528
2021-01-19,0.0166552587564137,0.0166552587564137,0.00737199914598769,0.00737199914598769,0,-0.010614788200058
2021-01-20,0.00847227433676096,0.00847227433676096,0.00730483837937782,0.00730483837937782,0,0.0166552587564137
2021-01-21,-0.00371818409180135,-0.00371818409180135,0.00737656368604865,0.00737656368604865,0,0.00847227433676096
2021-01-22,-0.015085386074712,-0.015085386074712,0.00824764152827112,0.00824764152827112,0,-0.00371818409180135
2021-01-25,-0.00929725519025128,-0.00929725519025128,0.00846844625586391,0.00846844625586391,0,-0.015085386074712
2021-01-27,-0.0192444808915834,-0.0192444808915834,0.00959223656785849,0.00959223656785849,0,-0.00929725519025128
2021-01-28,-0.0107936931679346,-0.0107936931679346,0.00985561269137656,0.00985561269137656,0,-0.0192444808915834
2021-01-29,-0.0133288582324961,-0.0133288582324961,0.0102561285298941,0.0102561285298941,0,-0.0107936931679346
2021-02-01,0.0463333497197179,0.0463333497197179,0.0147841232148784,0.0147841232148784,1,-0.0133288582324961
2021-02-02,0.0253495396757429,0.0253495396757429,0.0156987651728052,0.0156987651728052,1,0.0463333497197179
2021-02-03,0.00965436891394502,0.00965436891394502,0.0157859450236745,0.0157859450236745,1,0.0253495396757429
2021-02-04,0.00712134098202543,0.00712134098202543,0.0157631895646385,0.0157631895646385,1,0.00965436891394502
2021-02-05,0.00191815651758026,0.00191815651758026,0.0157461661980622,0.0157461661980622,1,0.00712134098202543
2021-02-08,0.0127531347053859,0.0127531347053859,0.0156724356135335,0.0156724356135335,1,0.00191815651758026
2021-02-09,-0.000430106116056429,-0.000430106116056429,0.0155988148457235,0.0155988148457235,1,0.0127531347053859
2021-02-10,-0.000185320574905186,-0.000185320574905186,0.0155865947221964,0.0155865947221964,1,-0.000430106116056429
2021-02-11,0.00441217666470795,0.00441217666470795,0.0155911954544694,0.0155911954544694,1,-0.000185320574905186
2021-02-12,-0.000659269693437066,-0.000659269693437066,0.0156028931231984,0.0156028931231984,1,0.00441217666470795
2021-02-15,0.009935142462116,0.009935142462116,0.0153847703481862,0.0153847703481862,1,-0.000659269693437066
2021-02-16,-8.16242564276353E-05,-8.16242564276353E-05,0.0150726509267699,0.0150726509267699,1,0.009935142462116
2021-02-17,-0.00685073145278517,-0.00685073145278517,0.014907514421147,0.014907514421147,1,-8.16242564276353E-05
2021-02-18,-0.00593187168439004,-0.00593187168439004,0.0149422291169159,0.0149422291169159,1,-0.00685073145278517
2021-02-19,-0.00911614311818451,-0.00911614311818451,0.0150912310013036,0.0150912310013036,1,-0.00593187168439004
2021-02-22,-0.0206397156403059,-0.0206397156403059,0.0154557942656015,0.0154557942656015,1,-0.00911614311818451
2021-02-23,0.0021848739697057,0.0021848739697057,0.0152634310635909,0.0152634310635909,1,-0.0206397156403059
2021-02-24,0.0184715285005203,0.0184715285005203,0.0148749096358018,0.0148749096358018,1,0.0021848739697057
2021-02-25,0.00766972533135362,0.00766972533135362,0.0145091861307499,0.0145091861307499,1,0.0184715285005203
2021-02-26,-0.0383622027563036,-0.0383622027563036,0.0169895083560949,0.0169895083560949,1,0.00766972533135362
2021-03-01,0.0158688108770192,0.0158688108770192,0.0140233845619025,0.0140233845619025,1,-0.0383622027563036
2021-03-02,0.0106164310797289,0.0106164310797289,0.0130675310644834,0.0130675310644834,1,0.0158688108770192
2021-03-03,0.0216486661523929,0.0216486661523929,0.0137471600152594,0.0137471600152594,1,0.0106164310797289
2021-03-04,-0.0108718151187931,-0.0108718151187931,0.0139483928173487,0.0139483928173487,1,0.0216486661523929
2021-03-05,-0.00950412599160746,-0.00950412599160746,0.0141250572126085,0.0141250572126085,1,-0.0108718151187931
2021-03-08,0.0012109725444472,0.0012109725444472,0.0138108674351228,0.0138108674351228,1,-0.00950412599160746
2021-03-09,0.00946286116981015,0.00946286116981015,0.0139906535059572,0.0139906535059572,1,0.0012109725444472
2021-03-10,0.00504734060246259,0.00504734060246259,0.0140365672752414,0.0140365672752414,1,0.00946286116981015
2021-03-12,-0.00952472273527502,-0.00952472273527502,0.0141631608039741,0.0141631608039741,1,0.00504734060246259
2021-03-15,-0.00677230030883567,-0.00677230030883567,0.0142332195750566,0.0142332195750566,1,-0.00952472273527502
2021-03-16,-0.00127679886533006,-0.00127679886533006,0.0140081215244272,0.0140081215244272,1,-0.00677230030883567
2021-03-17,-0.0127669111555391,-0.0127669111555391,0.0142336318307827,0.0142336318307827,1,-0.00127679886533006
2021-03-18,-0.0111650711539744,-0.0111650711539744,0.0143437328279368,0.0143437328279368,1,-0.0127669111555391
2021-03-19,0.012705880170275,0.012705880170275,0.0146889428411647,0.0146889428411647,1,-0.0111650711539744
2021-03-22,-0.000515570307230684,-0.000515570307230684,0.0145721389236872,0.0145721389236872,1,0.012705880170275
2021-03-23,0.00530265603379113,0.00530265603379113,0.0138524248438628,0.0138524248438628,1,-0.000515570307230684
2021-03-24,-0.0180735235920704,-0.0180735235920704,0.0144483952579954,0.0144483952579954,1,0.00530265603379113
2021-03-25,-0.0155504734594162,-0.0155504734594162,0.0140904443421372,0.0140904443421372,1,-0.0180735235920704
2021-03-26,0.0126526485091806,0.0126526485091806,0.0143171661059251,0.0143171661059251,1,-0.0155504734594162
2021-03-30,0.0230178606027014,0.0230178606027014,0.0125847375837662,0.0125847375837662,1,0.0126526485091806
2021-03-31,-0.0104551643454306,-0.0104551643454306,0.0123301316450491,0.0123301316450491,1,0.0230178606027014
2021-04-01,0.0119528533440869,0.0119528533440869,0.0123955139347573,0.0123955139347573,1,-0.0104551643454306
2021-04-05,-0.0155602964791876,-0.0155602964791876,0.0117218422848818,0.0117218422848818,1,0.0119528533440869
2021-04-06,0.00311720371351099,0.00311720371351099,0.0115832878988324,0.0115832878988324,1,-0.0155602964791876
2021-04-07,0.0091890876818974,0.0091890876818974,0.0116434274683184,0.0116434274683184,1,0.00311720371351099
2021-04-08,0.00368776070793677,0.00368776070793677,0.0116745942241573,0.0116745942241573,1,0.0091890876818974
2021-04-09,-0.00262214664066124,-0.00262214664066124,0.0114546653711583,0.0114546653711583,1,0.00368776070793677
2021-04-12,-0.0359646328172392,-0.0359646328172392,0.0137738063396805,0.0137738063396805,1,-0.00262214664066124
2021-04-13,0.0134651323447003,0.0134651323447003,0.0141487775256571,0.0141487775256571,1,-0.0359646328172392
2021-04-15,0.0052705706692091,0.0052705706692091,0.0141814267985948,0.0141814267985948,1,0.0134651323447003
2021-04-16,0.00249317162812661,0.00249317162812661,0.0142051000279731,0.0142051000279731,1,0.0052705706692091
2021-04-19,-0.01783508230883,-0.01783508230883,0.0144689862544856,0.0144689862544856,1,0.00249317162812661
2021-04-20,-0.00440049100908302,-0.00440049100908302,0.0143029852125891,0.0143029852125891,1,-0.01783508230883
2021-04-22,0.00764744121280046,0.00764744121280046,0.0140927934657634,0.0140927934657634,1,-0.00440049100908302
2021-04-23,-0.00450828009420433,-0.00450828009420433,0.0141114658819902,0.0141114658819902,1,0.00764744121280046
2021-04-26,0.00996668545920294,0.00996668545920294,0.0142650452663758,0.0142650452663758,1,-0.00450828009420433
2021-04-27,0.0115348603701411,0.0115348603701411,0.0139464280484775,0.0139464280484775,1,0.00996668545920294
2021-04-28,0.0143306788088348,0.0143306788088348,0.0137520323042794,0.0137520323042794,1,0.0115348603701411
2021-04-29,0.00203972830553565,0.00203972830553565,0.0135159460652479,0.0135159460652479,1,0.0143306788088348
2021-04-30,-0.0178695252286075,-0.0178695252286075,0.0131482474347751,0.0131482474347751,1,0.00203972830553565
2021-05-03,0.000208491727290987,0.000208491727290987,0.0129476338695735,0.0129476338695735,1,-0.0178695252286075
2021-05-04,-0.00945062422499917,-0.00945062422499917,0.0127742885625895,0.0127742885625895,1,0.000208491727290987
2021-05-05,0.00833611698191812,0.00833611698191812,0.0124808180922583,0.0124808180922583,1,-0.00945062422499917
2021-05-06,0.00728977587684078,0.00728977587684078,0.01257141288713,0.01257141288713,1,0.00833611698191812
2021-05-07,0.00665704040364049,0.00665704040364049,0.0124879636576448,0.0124879636576448,1,0.00728977587684078
2021-05-10,0.00800926280099411,0.00800926280099411,0.0125918329182902,0.0125918329182902,1,0.00665704040364049
2021-05-11,-0.00614906801902653,-0.00614906801902653,0.0126583985731327,0.0126583985731327,1,0.00800926280099411
2021-05-12,-0.0104409988264523,-0.0104409988264523,0.00979988897853139,0.00979988897853139,0,-0.00614906801902653
2021-05-14,-0.0012732353086286,-0.0012732353086286,0.00938466145795082,0.00938466145795082,0,-0.0104409988264523
2021-05-17,0.0165775897839959,0.0165775897839959,0.0100015906308104,0.0100015906308104,0,-0.0012732353086286
2021-05-18,0.0123172733099731,0.0123172733099731,0.0103071821166158,0.0103071821166158,0,0.0165775897839959
2021-05-19,-0.00517278823833418,-0.00517278823833418,0.00939597627568638,0.00939597627568638,0,0.0123172733099731
2021-05-20,-0.00829105203950419,-0.00829105203950419,0.00958008850167349,0.00958008850167349,0,-0.00517278823833418
2021-05-21,0.0179019355322992,0.0179019355322992,0.010150706221025,0.010150706221025,0,-0.00829105203950419
2021-05-24,0.00147502022759358,0.00147502022759358,0.0100174572388425,0.0100174572388425,0,0.0179019355322992
2021-05-25,0.000707093815546838,0.000707093815546838,0.00988678200746946,0.00988678200746946,0,0.00147502022759358
2021-05-26,0.00609640063365646,0.00609640063365646,0.00969633870136028,0.00969633870136028,0,0.000707093815546838
2021-05-27,0.00237599628049645,0.00237599628049645,0.00926582487151778,0.00926582487151778,0,0.00609640063365646
2021-05-28,0.00635619026251932,0.00635619026251932,0.00932747516393074,0.00932747516393074,0,0.00237599628049645
2021-05-31,0.00948793489109113,0.00948793489109113,0.00823584705578127,0.00823584705578127,0,0.00635619026251932
2021-06-01,-0.000510320620107419,-0.000510320620107419,0.0082509180312346,0.0082509180312346,0,0.00948793489109113
2021-06-02,8.67120656808025E-05,8.67120656808025E-05,0.00774665744772358,0.00774665744772358,0,-0.000510320620107419
2021-06-03,0.00730172800860028,0.00730172800860028,0.00771671100452141,0.00771671100452141,0,8.67120656808025E-05
2021-06-04,-0.00128183850930882,-0.00128183850930882,0.00773550515376835,0.00773550515376835,0,0.00730172800860028
2021-06-07,0.00518113619525362,0.00518113619525362,0.00770688861930512,0.00770688861930512,0,-0.00128183850930882
2021-06-08,-0.000733575096206903,-0.000733575096206903,0.00765785314177385,0.00765785314177385,0,0.00518113619525362
2021-06-09,-0.00667722004307386,-0.00667722004307386,0.00769045510341323,0.00769045510341323,0,-0.000733575096206903
2021-06-10,0.00652793351883411,0.00652793351883411,0.00709172349049092,0.00709172349049092,0,-0.00667722004307386
2021-06-11,0.00390649035425315,0.00390649035425315,0.00700525978407019,0.00700525978407019,0,0.00652793351883411
2021-06-14,0.000790858996839564,0.000790858996839564,0.00633282769913587,0.00633282769913587,0,0.00390649035425315
2021-06-15,0.00362364022347697,0.00362364022347697,0.00593790288096309,0.00593790288096309,0,0.000790858996839564
2021-06-16,-0.00642925619896798,-0.00642925619896798,0.00602883251958162,0.00602883251958162,0,0.00362364022347697
2021-06-17,-0.00484120177674772,-0.00484120177674772,0.00574990567455935,0.00574990567455935,0,-0.00642925619896798
2021-06-18,-0.000513201311672444,-0.000513201311672444,0.00450466915567072,0.00450466915567072,0,-0.00484120177674772
2021-06-21,0.00401850319942055,0.00401850319942055,0.00453537113710489,0.00453537113710489,0,-0.000513201311672444
2021-06-22,0.00166564915529222,0.00166564915529222,0.00452856617264847,0.00452856617264847,0,0.00401850319942055
2021-06-23,-0.00545459854262107,-0.00545459854262107,0.00468844510650515,0.00468844510650515,0,0.00166564915529222
2021-06-24,0.00657617031344466,0.00657617031344466,0.00483363614207364,0.00483363614207364,0,-0.00545459854262107
2021-06-25,0.00441692014949672,0.00441692014949672,0.00474883062181509,0.00474883062181509,0,0.00657617031344466
2021-06-28,-0.00288235983517504,-0.00288235983517504,0.0044289024569567,0.0044289024569567,0,0.00441692014949672
2021-06-29,-0.00419793946244454,-0.00419793946244454,0.00455849766217259,0.00455849766217259,0,-0.00288235983517504
2021-06-30,-0.00171275783619142,-0.00171275783619142,0.00458588719117877,0.00458588719117877,0,-0.00419793946244454
2021-07-01,-0.00264318737394289,-0.00264318737394289,0.00433794118486899,0.00433794118486899,0,-0.00171275783619142
2021-07-02,0.00268772381897115,0.00268772381897115,0.00436849814024282,0.00436849814024282,0,-0.00264318737394289
2021-07-05,0.00710786742669226,0.00710786742669226,0.00450406857435686,0.00450406857435686,0,0.00268772381897115
2021-07-06,-0.00101726941622857,-0.00101726941622857,0.0045078135476931,0.0045078135476931,0,0.00710786742669226
2021-07-07,0.00387410312122854,0.00387410312122854,0.00426564205269255,0.00426564205269255,0,-0.00101726941622857
2021-07-08,-0.00960220973937755,-0.00960220973937755,0.00463002840156337,0.00463002840156337,0,0.00387410312122854
2021-07-09,-0.00242542289081786,-0.00242542289081786,0.00456258835591023,0.00456258835591023,0,-0.00960220973937755
2021-07-12,0.000178431525135416,0.000178431525135416,0.00455659463690503,0.00455659463690503,0,-0.00242542289081786
2021-07-13,0.00760201680508008,0.00760201680508008,0.00481974472155514,0.00481974472155514,0,0.000178431525135416
2021-07-14,0.00262743737830436,0.00262743737830436,0.00462310520411474,0.00462310520411474,0,0.00760201680508008
2021-07-15,0.00442128403146392,0.00442128403146392,0.00454711083124842,0.00454711083124842,0,0.00262743737830436
2021-07-16,-5.02269981382573E-05,-5.02269981382573E-05,0.00454158980698183,0.00454158980698183,0,0.00442128403146392
2021-07-19,-0.010796990571542,-0.010796990571542,0.00514961087427143,0.00514961087427143,0,-5.02269981382573E-05
2021-07-20,-0.00766629198762949,-0.00766629198762949,0.00540878599696866,0.00540878599696866,0,-0.010796990571542
2021-07-22,0.012204454864528,0.012204454864528,0.00596157018451748,0.00596157018451748,0,-0.00766629198762949
2021-07-23,0.00202019635529881,0.00202019635529881,0.0057994005623708,0.0057994005623708,0,0.012204454864528
2021-07-26,-0.00199489401079457,-0.00199489401079457,0.00573126668245652,0.00573126668245652,0,0.00202019635529881
2021-07-27,-0.00494126919028357,-0.00494126919028357,0.0058016811062063,0.0058016811062063,0,-0.00199489401079457
2021-07-28,-0.00235567127452514,-0.00235567127452514,0.00574952690971824,0.00574952690971824,0,-0.00494126919028357
2021-07-29,0.00438581320005636,0.00438581320005636,0.00582210127189555,0.00582210127189555,0,-0.00235567127452514
2021-07-30,-0.000976516135808173,-0.000976516135808173,0.00579140018053521,0.00579140018053521,0,0.00438581320005636
2021-08-02,0.00771615390422949,0.00771615390422949,0.00600727900451947,0.00600727900451947,0,-0.000976516135808173
2021-08-03,0.0153426531282181,0.0153426531282181,0.006722524494621,0.006722524494621,0,0.00771615390422949
2021-08-04,0.00790690037920019,0.00790690037920019,0.00688096535992709,0.00688096535992709,0,0.0153426531282181
2021-08-05,0.00219945196286298,0.00219945196286298,0.0068590890572086,0.0068590890572086,0,0.00790690037920019
2021-08-06,-0.00346723742823578,-0.00346723742823578,0.00647264289494653,0.00647264289494653,0,0.00219945196286298
2021-08-09,0.00123396907115178,0.00123396907115178,0.00640432798727876,0.00640432798727876,0,-0.00346723742823578
2021-08-10,0.00134300681635206,0.00134300681635206,0.00639429126838601,0.00639429126838601,0,0.00123396907115178
2021-08-11,0.000132078345323447,0.000132078345323447,0.00625655123238877,0.00625655123238877,0,0.00134300681635206
2021-08-12,0.0050327101270873,0.0050327101270873,0.0063030320065024,0.0063030320065024,0,0.000132078345323447
2021-08-13,0.010014172717062,0.010014172717062,0.00655456567767343,0.00655456567767343,0,0.0050327101270873
2021-08-16,0.00205191765336928,0.00205191765336928,0.00653908843179189,0.00653908843179189,0,0.010014172717062
2021-08-17,0.00310744546395701,0.00310744546395701,0.00580873363100959,0.00580873363100959,0,0.00205191765336928
2021-08-18,-0.00275740045501745,-0.00275740045501745,0.0054413315489283,0.0054413315489283,0,0.00310744546395701
2021-08-20,-0.00716853103319972,-0.00716853103319972,0.00542399134133241,0.00542399134133241,0,-0.00275740045501745
2021-08-23,0.00278928699806427,0.00278928699806427,0.00542730582781889,0.00542730582781889,0,-0.00716853103319972
2021-08-24,0.00773834372098501,0.00773834372098501,0.00548819339163937,0.00548819339163937,0,0.00278928699806427
2021-08-25,0.000604390150466557,0.000604390150466557,0.00522816898994143,0.00522816898994143,0,0.00773834372098501
2021-08-26,0.000135250684179034,0.000135250684179034,0.00512902842597762,0.00512902842597762,0,0.000604390150466557
2021-08-27,0.00409685799357766,0.00409685799357766,0.00512493384354433,0.00512493384354433,0,0.000135250684179034
2021-08-30,0.0134292590140949,0.0134292590140949,0.00555275305672078,0.00555275305672078,0,0.00409685799357766
2021-08-31,0.0118104276963514,0.0118104276963514,0.00578414863824754,0.00578414863824754,0,0.0134292590140949
2021-09-01,-0.00327107892439501,-0.00327107892439501,0.00530304643181597,0.00530304643181597,0,0.0118104276963514
2021-09-02,0.0092042939510858,0.0092042939510858,0.00537562435804906,0.00537562435804906,0,-0.00327107892439501
2021-09-03,0.00517680801064421,0.00517680801064421,0.00539601345780456,0.00539601345780456,0,0.0092042939510858
2021-09-06,0.00312386332204512,0.00312386332204512,0.00517293398655911,0.00517293398655911,0,0.00517680801064421
2021-09-07,-0.000903927343921609,-0.000903927343921609,0.00524149574242734,0.00524149574242734,0,0.00312386332204512
2021-09-08,-0.000495432004497378,-0.000495432004497378,0.00529320130158674,0.00529320130158674,0,-0.000903927343921609
2021-09-09,0.000907186272986519,0.000907186272986519,0.00527241082288414,0.00527241082288414,0,-0.000495432004497378
2021-09-13,-0.000803421163787549,-0.000803421163787549,0.00532866521148855,0.00532866521148855,0,0.000907186272986519
2021-09-14,0.00142213957313081,0.00142213957313081,0.00506826439664744,0.00506826439664744,0,-0.000803421163787549
2021-09-15,0.00799152789087858,0.00799152789087858,0.00521199787042325,0.00521199787042325,0,0.00142213957313081
2021-09-16,0.00626198753075685,0.00626198753075685,0.00526899313132663,0.00526899313132663,0,0.00799152789087858
2021-09-17,-0.00251881715881471,-0.00251881715881471,0.00525560961551528,0.00525560961551528,0,0.00626198753075685
2021-09-20,-0.0107627662179528,-0.0107627662179528,0.0056661841825636,0.0056661841825636,0,-0.00251881715881471
2021-09-21,0.00944542505568975,0.00944542505568975,0.00585795029183257,0.00585795029183257,0,-0.0107627662179528
2021-09-22,-0.000874406175243149,-0.000874406175243149,0.00581775367423982,0.00581775367423982,0,0.00944542505568975
2021-09-23,0.0156238380774285,0.0156238380774285,0.00646636807349693,0.00646636807349693,0,-0.000874406175243149
2021-09-24,0.00169581126742682,0.00169581126742682,0.0064335976934369,0.0064335976934369,0,0.0156238380774285
2021-09-27,0.00010643971788971,0.00010643971788971,0.00647675820818305,0.00647675820818305,0,0.00169581126742682
2021-09-28,-0.00598254226275336,-0.00598254226275336,0.006336391057602,0.006336391057602,0,0.00010643971788971
2021-09-29,-0.00210371949554482,-0.00210371949554482,0.00599878005409801,0.00599878005409801,0,-0.00598254226275336
2021-09-30,-0.00527325522415763,-0.00527325522415763,0.00610127072677984,0.00610127072677984,0,-0.00210371949554482
2021-10-01,-0.0048989638012051,-0.0048989638012051,0.00598542240226695,0.00598542240226695,0,-0.00527325522415763
2021-10-04,0.00903948802426683,0.00903948802426683,0.0061909422742616,0.0061909422742616,0,-0.0048989638012051
2021-10-05,0.00738035894606697,0.00738035894606697,0.00633741609362962,0.00633741609362962,0,0.00903948802426683
2021-10-06,-0.00994139721206562,-0.00994139721206562,0.00680499200184483,0.00680499200184483,0,0.00738035894606697
2021-10-07,0.00814702470131476,0.00814702470131476,0.00698956645628083,0.00698956645628083,0,-0.00994139721206562
2021-10-08,0.00587632330357852,0.00587632330357852,0.00706490987886241,0.00706490987886241,0,0.00814702470131476
2021-10-11,0.00283194239749204,0.00283194239749204,0.00704950546475935,0.00704950546475935,0,0.00587632330357852
2021-10-12,0.00255997301576219,0.00255997301576219,0.00705196255976272,0.00705196255976272,0,0.00283194239749204
2021-10-13,0.00939334195098345,0.00939334195098345,0.00712406805809033,0.00712406805809033,0,0.00255997301576219
2021-10-14,0.0096877099759962,0.0096877099759962,0.00727653886929638,0.00727653886929638,0,0.00939334195098345
2021-10-18,0.00752401957349829,0.00752401957349829,0.0072968454637753,0.0072968454637753,0,0.0096877099759962
2021-10-19,-0.00316029621467049,-0.00316029621467049,0.00674842136625111,0.00674842136625111,0,0.00752401957349829
2021-10-20,-0.0082949332443626,-0.0082949332443626,0.00699771888920512,0.00699771888920512,0,-0.00316029621467049
2021-10-21,-0.00485668291158485,-0.00485668291158485,0.00713806757387569,0.00713806757387569,0,-0.0082949332443626
2021-10-22,-0.0034827257394314,-0.0034827257394314,0.00642941616531193,0.00642941616531193,0,-0.00485668291158485
2021-10-25,0.000579465405498973,0.000579465405498973,0.00642618809277576,0.00642618809277576,0,-0.0034827257394314
2021-10-26,0.00785852166355233,0.00785852166355233,0.00661589852077178,0.00661589852077178,0,0.000579465405498973
2021-10-27,-0.00314979406096392,-0.00314979406096392,0.00648430881939835,0.00648430881939835,0,0.00785852166355233
2021-10-28,-0.0196134303875885,-0.0196134303875885,0.00797640978557822,0.00797640978557822,0,-0.00314979406096392
2021-10-29,-0.0104479055444702,-0.0104479055444702,0.00824971604863695,0.00824971604863695,0,-0.0196134303875885
2021-11-01,0.0144941061715931,0.0144941061715931,0.00874941542690304,0.00874941542690304,0,-0.0104479055444702
2021-11-02,-0.00227262873684595,-0.00227262873684595,0.00857448780226328,0.00857448780226328,0,0.0144941061715931
2021-11-03,-0.00334564126905534,-0.00334564126905534,0.00845983090610482,0.00845983090610482,0,-0.00227262873684595
2021-11-04,0.00490134492655331,0.00490134492655331,0.00818666467204734,0.00818666467204734,0,-0.00334564126905534
2021-11-08,0.00843403734829471,0.00843403734829471,0.00820053218311304,0.00820053218311304,0,0.00490134492655331
2021-11-09,-0.00134582665382821,-0.00134582665382821,0.00812275673573891,0.00812275673573891,0,0.00843403734829471
2021-11-10,-0.00150026063343668,-0.00150026063343668,0.00811266143609512,0.00811266143609512,0,-0.00134582665382821
2021-11-11,-0.00800207185820445,-0.00800207185820445,0.00829260033986766,0.00829260033986766,0,-0.00150026063343668
2021-11-12,0.0127391184530934,0.0127391184530934,0.00852944077250404,0.00852944077250404,0,-0.00800207185820445
2021-11-15,0.000369997899655718,0.000369997899655718,0.00821163538436857,0.00821163538436857,0,0.0127391184530934
2021-11-16,-0.00610658927300845,-0.00610658927300845,0.00806370101876843,0.00806370101876843,0,0.000369997899655718
2021-11-17,-0.00560195622691692,-0.00560195622691692,0.00811152811682714,0.00811152811682714,0,-0.00610658927300845
2021-11-18,-0.0075062975371328,-0.0075062975371328,0.00807825972642404,0.00807825972642404,0,-0.00560195622691692
2021-11-22,-0.0197980668487385,-0.0197980668487385,0.00904812166075746,0.00904812166075746,0,-0.0075062975371328
2021-11-23,0.00497132041708863,0.00497132041708863,0.00917861689812676,0.00917861689812676,0,-0.0197980668487385
2021-11-24,-0.00505744910102147,-0.00505744910102147,0.00919092178085453,0.00919092178085453,0,0.00497132041708863
2021-11-25,0.00693534728823733,0.00693534728823733,0.00914099235900314,0.00914099235900314,0,-0.00505744910102147
2021-11-26,-0.0295021956571139,-0.0295021956571139,0.0110156460090079,0.0110156460090079,1,0.00693534728823733
2021-11-29,0.00161383124783382,0.00161383124783382,0.0103712575981859,0.0103712575981859,0,-0.0295021956571139
2021-11-30,-0.00415722850725357,-0.00415722850725357,0.010205252724619,0.010205252724619,0,0.00161383124783382
2021-12-01,0.0107585597624502,0.0107585597624502,0.00991787933104479,0.00991787933104479,0,-0.00415722850725357
2021-12-02,0.0135819178616609,0.0135819178616609,0.0105246115580093,0.0105246115580093,0,0.0107585597624502
2021-12-03,-0.011847592241934,-0.011847592241934,0.0107768238365597,0.0107768238365597,0,0.0135819178616609
2021-12-06,-0.016679248094838,-0.016679248094838,0.011144027225389,0.011144027225389,1,-0.011847592241934
2021-12-07,0.0155155573824794,0.0155155573824794,0.0116247252018787,0.0116247252018787,1,-0.016679248094838
2021-12-08,0.0169170449933063,0.0169170449933063,0.0124132655992114,0.0124132655992114,1,0.0155155573824794
2021-12-09,0.00269243872533135,0.00269243872533135,0.0124507019653267,0.0124507019653267,1,0.0169170449933063
2021-12-10,-0.000316821077306942,-0.000316821077306942,0.0123547094790232,0.0123547094790232,1,0.00269243872533135
2021-12-13,-0.0082026046847206,-0.0082026046847206,0.0120094760068203,0.0120094760068203,1,-0.000316821077306942
2021-12-14,-0.00249903116017602,-0.00249903116017602,0.011995911428679,0.011995911428679,1,-0.0082026046847206
2021-12-15,-0.00599197641016917,-0.00599197641016917,0.0119939814526904,0.0119939814526904,1,-0.00249903116017602
2021-12-16,0.00156658900892984,0.00156658900892984,0.0119943534311429,0.0119943534311429,1,-0.00599197641016917
2021-12-17,-0.0153770775563578,-0.0153770775563578,0.012314543796638,0.012314543796638,1,0.00156658900892984
2021-12-20,-0.0220846262813664,-0.0220846262813664,0.0124953808689575,0.0124953808689575,1,-0.0153770775563578
2021-12-21,0.00938453264549539,0.00938453264549539,0.0126693830341932,0.0126693830341932,1,-0.0220846262813664
2021-12-22,0.0109470329850818,0.0109470329850818,0.0129769509073884,0.0129769509073884,1,0.00938453264549539
2021-12-23,0.00688554633651403,0.00688554633651403,0.0129752846620358,0.0129752846620358,1,0.0109470329850818
2021-12-24,-0.00404090836318909,-0.00404090836318909,0.0111934242343677,0.0111934242343677,1,0.00688554633651403
2021-12-27,0.00484013851922299,0.00484013851922299,0.0112420606423337,0.0112420606423337,1,-0.00404090836318909
2021-12-28,0.00856661075991459,0.00856661075991459,0.0113483048313193,0.0113483048313193,1,0.00484013851922299
2021-12-29,-0.00114091088034896,-0.00114091088034896,0.0111042049714949,0.0111042049714949,1,0.00856661075991459
2021-12-30,-0.000560783158968982,-0.000560783158968982,0.0106436321512832,0.0106436321512832,0,-0.00114091088034896
2021-12-31,0.00868699036026522,0.00868699036026522,0.010487910592783,0.010487910592783,0,-0.000560783158968982
2022-01-03,0.0155320663316479,0.0155320663316479,0.0101870887725403,0.0101870887725403,0,0.00868699036026522
2022-01-04,0.0101353377336508,0.0101353377336508,0.00987963069837713,0.00987963069837713,0,0.0155320663316479
2022-01-05,0.006716975758934,0.006716975758934,0.00930456272577582,0.00930456272577582,0,0.0101353377336508
2022-01-06,-0.0100558080531173,-0.0100558080531173,0.00963404161001782,0.00963404161001782,0,0.006716975758934
2022-01-07,0.00375711684014972,0.00375711684014972,0.00965557797905879,0.00965557797905879,0,-0.0100558080531173
2022-01-10,0.0106434756439646,0.0106434756439646,0.00964489070042335,0.00964489070042335,0,0.00375711684014972
2022-01-11,0.00290907578553692,0.00290907578553692,0.00959382583728681,0.00959382583728681,0,0.0106434756439646
2022-01-12,0.00863572033111533,0.00863572033111533,0.00950435090424934,0.00950435090424934,0,0.00290907578553692
2022-01-13,0.00249251483304147,0.00249251483304147,0.00950029448925389,0.00950029448925389,0,0.00863572033111533
2022-01-14,-0.000112329872514589,-0.000112329872514589,0.00852225741992583,0.00852225741992583,0,0.00249251483304147
2022-01-17,0.00286346463537135,0.00286346463537135,0.00602331849745263,0.00602331849745263,0,-0.000112329872514589
2022-01-18,-0.0107108474462169,-0.0107108474462169,0.00684753608342484,0.00684753608342484,0,0.00286346463537135
2022-01-19,-0.00968902783405642,-0.00968902783405642,0.00726386752729401,0.00726386752729401,0,-0.0107108474462169
2022-01-20,-0.0101638838763968,-0.0101638838763968,0.00774580485210737,0.00774580485210737,0,-0.00968902783405642
2022-01-21,-0.00790692279190989,-0.00790692279190989,0.0079491506089859,0.0079491506089859,0,-0.0101638838763968
2022-01-24,-0.0269272102621386,-0.0269272102621386,0.0101679595464083,0.0101679595464083,0,-0.00790692279190989
2022-01-25,0.00748540553980874,0.00748540553980874,0.0101238219050851,0.0101238219050851,0,-0.0269272102621386
2022-01-27,-0.00975919936372893,-0.00975919936372893,0.0103613722863555,0.0103613722863555,0,0.00748540553980874
2022-01-28,-0.000479431085827971,-0.000479431085827971,0.0103612810652327,0.0103612810652327,0,-0.00975919936372893
2022-01-31,0.0138148518554594,0.0138148518554594,0.010654595337927,0.010654595337927,0,-0.000479431085827971
2022-02-01,0.0135753748226513,0.0135753748226513,0.0105121026337298,0.0105121026337298,0,0.0138148518554594
2022-02-02,0.0114915569947471,0.0114915569947471,0.0105859812373499,0.0105859812373499,0,0.0135753748226513
2022-02-03,-0.0124392969118212,-0.0124392969118212,0.0108038703156605,0.0108038703156605,0,0.0114915569947471
2022-02-04,-0.0025030125821507,-0.0025030125821507,0.0106018429418884,0.0106018429418884,0,-0.0124392969118212
2022-02-07,-0.0174321742274954,-0.0174321742274954,0.0111810551564848,0.0111810551564848,1,-0.0025030125821507
2022-02-08,0.00308294047621617,0.00308294047621617,0.0108647201462862,0.0108647201462862,0,-0.0174321742274954
2022-02-09,0.0113475249468573,0.0113475249468573,0.0112268320884051,0.0112268320884051,1,0.00308294047621617
2022-02-10,0.00810099920504003,0.00810099920504003,0.0112016145542149,0.0112016145542149,1,0.0113475249468573
2022-02-11,-0.0132132081342731,-0.0132132081342731,0.0114406861901802,0.0114406861901802,1,0.00810099920504003
2022-02-14,-0.0310946906967536,-0.0310946906967536,0.0130830852466047,0.0130830852466047,1,-0.0132132081342731
2022-02-15,0.0298103496144214,0.0298103496144214,0.0150672204372487,0.0150672204372487,1,-0.0310946906967536
2022-02-16,-0.00174479102383328,-0.00174479102383328,0.0149486330603665,0.0149486330603665,1,0.0298103496144214
2022-02-17,-0.00101653121201776,-0.00101653121201776,0.014846377907255,0.014846377907255,1,-0.00174479102383328
2022-02-18,-0.00163667424054025,-0.00163667424054025,0.0147153622331075,0.0147153622331075,1,-0.00101653121201776
2022-02-21,-0.00403970559235622,-0.00403970559235622,0.0146502399779854,0.0146502399779854,1,-0.00163667424054025
2022-02-22,-0.00667378632095619,-0.00667378632095619,0.0134255591837474,0.0134255591837474,1,-0.00403970559235622
2022-02-23,-0.00169514536300004,-0.00169514536300004,0.0133065952984421,0.0133065952984421,1,-0.00667378632095619
2022-02-24,-0.0489602690308219,-0.0489602690308219,0.0170760784656319,0.0170760784656319,1,-0.00169514536300004
2022-02-25,0.024947858168203,0.024947858168203,0.0181536819246646,0.0181536819246646,1,-0.0489602690308219
2022-02-28,0.00810113133553745,0.00810113133553745,0.017946849350839,0.017946849350839,1,0.024947858168203
2022-03-02,-0.0112547306669937,-0.0112547306669937,0.0176989662634941,0.0176989662634941,1,0.00810113133553745
2022-03-03,-0.00651877837060889,-0.00651877837060889,0.0173867720479262,0.0173867720479262,1,-0.0112547306669937
2022-03-04,-0.0154355495239857,-0.0154355495239857,0.0174783274114071,0.0174783274114071,1,-0.00651877837060889
2022-03-07,-0.0238078559614202,-0.0238078559614202,0.0180297837152555,0.0180297837152555,1,-0.0154355495239857
2022-03-08,0.00943017233624273,0.00943017233624273,0.0180520472920818,0.0180520472920818,1,-0.0238078559614202
2022-03-09,0.0205144230156612,0.0205144230156612,0.0187977807090474,0.0187977807090474,1,0.00943017233624273
2022-03-10,0.015152013456311,0.015152013456311,0.0189663575385908,0.0189663575385908,1,0.0205144230156612
2022-03-11,0.00213986261139869,0.00213986261139869,0.0188365339180144,0.0188365339180144,1,0.015152013456311
2022-03-14,0.0143786943723374,0.0143786943723374,0.0190468122299838,0.0190468122299838,1,0.00213986261139869
2022-03-15,-0.0124233072084706,-0.0124233072084706,0.0179440198989527,0.0179440198989527,1,0.0143786943723374
2022-03-16,0.0185715762211071,0.0185715762211071,0.0170997660839859,0.0170997660839859,1,-0.0124233072084706
2022-03-17,0.0181954426985115,0.0181954426985115,0.0176331008509945,0.0176331008509945,1,0.0185715762211071
2022-03-21,-0.00985056032558104,-0.00985056032558104,0.0177673599826253,0.0177673599826253,1,0.0181954426985115
2022-03-22,0.0114949029834435,0.0114949029834435,0.0179663463414244,0.0179663463414244,1,-0.00985056032558104
2022-03-23,-0.00404209372019061,-0.00404209372019061,0.0179663754035253,0.0179663754035253,1,0.0114949029834435
2022-03-24,-0.00132877613901263,-0.00132877613901263,0.0178997352412973,0.0178997352412973,1,-0.00404209372019061
2022-03-25,-0.00405809884707621,-0.00405809884707621,0.0179219409154104,0.0179219409154104,1,-0.00132877613901263
2022-03-28,0.00401455084628544,0.00401455084628544,0.0136759961834842,0.0136759961834842,1,-0.00405809884707621
2022-03-29,0.00598026976240216,0.00598026976240216,0.0126894797974064,0.0126894797974064,1,0.00401455084628544
2022-03-30,0.0099329698927593,0.0099329698927593,0.0127426186365009,0.0127426186365009,1,0.00598026976240216
2022-03-31,-0.00191631211576253,-0.00191631211576253,0.0123956449051082,0.0123956449051082,1,0.0099329698927593
2022-04-01,0.0117091448747648,0.0117091448747648,0.0123660684515544,0.0123660684515544,1,-0.00191631211576253
2022-04-04,0.0214403456403388,0.0214403456403388,0.0121520098871796,0.0121520098871796,1,0.0117091448747648
2022-04-05,-0.00533174632817539,-0.00533174632817539,0.0104007267163816,0.0104007267163816,0,0.0214403456403388
2022-04-06,-0.00837414581250896,-0.00837414581250896,0.0108614611288631,0.0108614611288631,0,-0.00533174632817539
2022-04-07,-0.00948457784894118,-0.00948457784894118,0.0107217460743839,0.0107217460743839,0,-0.00837414581250896
2022-04-08,0.0081752507766338,0.0081752507766338,0.0104431831988312,0.0104431831988312,0,-0.00948457784894118
2022-04-11,-0.00617049639213764,-0.00617049639213764,0.0106615676385793,0.0106615676385793,0,0.0081752507766338
2022-04-12,-0.00821748185126366,-0.00821748185126366,0.0105944434949843,0.0105944434949843,0,-0.00617049639213764
2022-04-13,-0.00312235109715502,-0.00312235109715502,0.0101256558226091,0.0101256558226091,0,-0.00821748185126366
2022-04-18,-0.0174322506303487,-0.0174322506303487,0.0102947551859709,0.0102947551859709,0,-0.00312235109715502
2022-04-19,-0.0125982039716313,-0.0125982039716313,0.00981312112015508,0.00981312112015508,0,-0.0174322506303487
2022-04-20,0.0104356037788649,0.0104356037788649,0.00989377692420714,0.00989377692420714,0,-0.0125982039716313
2022-04-21,0.0148311509927679,0.0148311509927679,0.0101222895662976,0.0101222895662976,0,0.0104356037788649
2022-04-22,-0.0127676127989613,-0.0127676127989613,0.0104968601510062,0.0104968601510062,0,0.0148311509927679
2022-04-25,-0.0127763942010033,-0.0127763942010033,0.0108664448356532,0.0108664448356532,0,-0.0127676127989613
2022-04-26,0.0144551408404644,0.0144551408404644,0.0113508191488257,0.0113508191488257,1,-0.0127763942010033
2022-04-27,-0.00948629657994312,-0.00948629657994312,0.0115085722309169,0.0115085722309169,1,0.0144551408404644
2022-04-28,0.0120555478734458,0.0120555478734458,0.0117668940091984,0.0117668940091984,1,-0.00948629657994312
2022-04-29,-0.00829757020033023,-0.00829757020033023,0.0116434764397726,0.0116434764397726,1,0.0120555478734458
2022-05-02,-0.00195783242411609,-0.00195783242411609,0.011643625153267,0.011643625153267,1,-0.00829757020033023
2022-05-04,-0.0232033101901818,-0.0232033101901818,0.0122178699477258,0.0122178699477258,1,-0.00195783242411609
2022-05-05,0.000302802364406187,0.000302802364406187,0.0108387256433805,0.0108387256433805,0,-0.0232033101901818
2022-05-06,-0.016402205362178,-0.016402205362178,0.0111900823977805,0.0111900823977805,1,0.000302802364406187
2022-05-09,-0.00668850092324517,-0.00668850092324517,0.0111657025066681,0.0111657025066681,1,-0.016402205362178
2022-05-10,-0.00379817282300631,-0.00379817282300631,0.0111021018176782,0.0111021018176782,1,-0.00668850092324517
2022-05-11,-0.00450211264184023,-0.00450211264184023,0.0107176195939608,0.0107176195939608,0,-0.00379817282300631
2022-05-12,-0.0224621478725793,-0.0224621478725793,0.0114256329923853,0.0114256329923853,1,-0.00450211264184023
2022-05-13,-0.00163656170197668,-0.00163656170197668,0.0114404795052986,0.0114404795052986,1,-0.0224621478725793
2022-05-16,0.00380398623360908,0.00380398623360908,0.0116119073207982,0.0116119073207982,1,-0.00163656170197668
2022-05-17,0.0259814752129635,0.0259814752129635,0.013108463475174,0.013108463475174,1,0.00380398623360908
2022-05-18,-0.0011692453072036,-0.0011692453072036,0.0129033961995504,0.0129033961995504,1,0.0259814752129635
2022-05-19,-0.0268910708974038,-0.0268910708974038,0.0136622041142712,0.0136622041142712,1,-0.0011692453072036
2022-05-20,0.0284815608605715,0.0284815608605715,0.0149356773191462,0.0149356773191462,1,-0.0268910708974038
2022-05-23,-0.0031680351601504,-0.0031680351601504,0.0147703631961011,0.0147703631961011,1,0.0284815608605715
2022-05-24,-0.00553806105718964,-0.00553806105718964,0.0146025258483038,0.0146025258483038,1,-0.0031680351601504
2022-05-25,-0.00618027781855874,-0.00618027781855874,0.0140599640587184,0.0140599640587184,1,-0.00553806105718964
2022-05-26,0.00896706277083026,0.00896706277083026,0.0142532173792463,0.0142532173792463,1,-0.00618027781855874
2022-05-27,0.0112107710150346,0.0112107710150346,0.0142086351967288,0.0142086351967288,1,0.00896706277083026
2022-05-30,0.0187169451103861,0.0187169451103861,0.0149109309590452,0.0149109309590452,1,0.0112107710150346
2022-05-31,-0.00462310407988004,-0.00462310407988004,0.0149289563974128,0.0149289563974128,1,0.0187169451103861
2022-06-01,-0.00373336705641334,-0.00373336705641334,0.0140436565016046,0.0140436565016046,1,-0.00462310407988004
2022-06-02,0.00634980226026031,0.00634980226026031,0.0141259415299667,0.0141259415299667,1,-0.00373336705641334
2022-06-03,-0.00263150958768778,-0.00263150958768778,0.0136193200216427,0.0136193200216427,1,0.00634980226026031
2022-06-06,-0.000889791096841891,-0.000889791096841891,0.0135190384100736,0.0135190384100736,1,-0.00263150958768778
2022-06-07,-0.0092889550768918,-0.0092889550768918,0.0136725198708689,0.0136725198708689,1,-0.000889791096841891
2022-06-08,-0.00366767833265051,-0.00366767833265051,0.0136575894762656,0.0136575894762656,1,-0.0092889550768918
2022-06-09,0.00742211557061571,0.00742211557061571,0.0125973905721819,0.0125973905721819,1,-0.00366767833265051
2022-06-10,-0.0169098677448553,-0.0169098677448553,0.0132787941079286,0.0132787941079286,1,0.00742211557061571
2022-06-13,-0.026733937520216,-0.026733937520216,0.0146609863217275,0.0146609863217275,1,-0.0169098677448553
2022-06-14,-0.00268521141142216,-0.00268521141142216,0.0133035757267952,0.0133035757267952,1,-0.026733937520216
2022-06-15,-0.0025425739848418,-0.0025425739848418,0.0133045182581284,0.0133045182581284,1,-0.00268521141142216
2022-06-16,-0.0213548481793151,-0.0213548481793151,0.0128012540428797,0.0128012540428797,1,-0.0025425739848418
2022-06-17,-0.00437786249783801,-0.00437786249783801,0.0106941143639643,0.0106941143639643,0,-0.0213548481793151
2022-06-20,0.00369736989161842,0.00369736989161842,0.0108008916410452,0.0108008916410452,0,-0.00437786249783801
2022-06-21,0.0186297219218027,0.0186297219218027,0.0117789749321643,0.0117789749321643,1,0.00369736989161842
2022-06-22,-0.0145242329496379,-0.0145242329496379,0.0120958097618342,0.0120958097618342,1,0.0186297219218027
2022-06-23,0.00925746465860465,0.00925746465860465,0.0121097689014904,0.0121097689014904,1,-0.0145242329496379
2022-06-24,0.00912471546173461,0.00912471546173461,0.0119990710523919,0.0119990710523919,1,0.00925746465860465
2022-06-27,0.00842341360686934,0.00842341360686934,0.0112599594726528,0.0112599594726528,1,0.00912471546173461
2022-06-28,0.00114577674317055,0.00114577674317055,0.0112780124194444,0.0112780124194444,1,0.00842341360686934
2022-06-29,-0.00322917920191225,-0.00322917920191225,0.011275119362961,0.011275119362961,1,0.00114577674317055
2022-06-30,-0.00119379352942847,-0.00119379352942847,0.0110974479835247,0.0110974479835247,1,-0.00322917920191225
2022-07-01,-0.00178865499856018,-0.00178865499856018,0.0110989880270057,0.0110989880270057,1,-0.00119379352942847
2022-07-04,0.00527425488225037,0.00527425488225037,0.011233000360653,0.011233000360653,1,-0.00178865499856018
2022-07-05,-0.00154836950405555,-0.00154836950405555,0.0111109818279746,0.0111109818279746,1,0.00527425488225037
2022-07-06,0.0112546182245321,0.0112546182245321,0.0114794674647011,0.0114794674647011,1,-0.00154836950405555
2022-07-07,0.00890968266712923,0.00890968266712923,0.0115424616214026,0.0115424616214026,1,0.0112546182245321
2022-07-08,0.00542132588718737,0.00542132588718737,0.0109955290885124,0.0109955290885124,1,0.00890968266712923
2022-07-11,-0.000283606140052985,-0.000283606140052985,0.00901595125004035,0.00901595125004035,0,0.00542132588718737
2022-07-12,-0.00977257144768488,-0.00977257144768488,0.00931837355902548,0.00931837355902548,0,-0.000283606140052985
2022-07-13,-0.00572364133007854,-0.00572364133007854,0.0094091988912187,0.0094091988912187,0,-0.00977257144768488
2022-07-14,-0.00175519468569145,-0.00175519468569145,0.00786726192728021,0.00786726192728021,0,-0.00572364133007854
2022-07-15,0.00691201458036519,0.00691201458036519,0.00780186681598711,0.00780186681598711,0,-0.00175519468569145
2022-07-18,0.0141862024707189,0.0141862024707189,0.00823344142952701,0.00823344142952701,0,0.00691201458036519
2022-07-19,0.00380451790614778,0.00380451790614778,0.00736804480771523,0.00736804480771523,0,0.0141862024707189
2022-07-20,0.0109734592658458,0.0109734592658458,0.00647468343502248,0.00647468343502248,0,0.00380451790614778
2022-07-21,0.00509571451216485,0.00509571451216485,0.00634444651573304,0.00634444651573304,0,0.0109734592658458
2022-07-22,0.00685375523016666,0.00685375523016666,0.00625366134837556,0.00625366134837556,0,0.00509571451216485
2022-07-25,-0.00530424196365027,-0.00530424196365027,0.00639590710713529,0.00639590710713529,0,0.00685375523016666
2022-07-26,-0.00888733368334677,-0.00888733368334677,0.00687971364230462,0.00687971364230462,0,-0.00530424196365027
2022-07-27,0.00953655956008488,0.00953655956008488,0.00696460424917606,0.00696460424917606,0,-0.00888733368334677
2022-07-28,0.0171458965295262,0.0171458965295262,0.0076159330992951,0.0076159330992951,0,0.00953655956008488
2022-07-29,0.0134155614131159,0.0134155614131159,0.00781487643788369,0.00781487643788369,0,0.0171458965295262
2022-08-01,0.0105397924018547,0.0105397924018547,0.00793802265459615,0.00793802265459615,0,0.0134155614131159
2022-08-02,0.000311279211404812,0.000311279211404812,0.0078735987891407,0.0078735987891407,0,0.0105397924018547
2022-08-03,0.00245878307276692,0.00245878307276692,0.00772851045136922,0.00772851045136922,0,0.000311279211404812
2022-08-04,-0.00035377417814129,-0.00035377417814129,0.00770844601611415,0.00770844601611415,0,0.00245878307276692
2022-08-05,0.000891329721599685,0.000891329721599685,0.00772263429964393,0.00772263429964393,0,-0.00035377417814129
2022-08-08,0.00730759901214052,0.00730759901214052,0.00771331576699189,0.00771331576699189,0,0.000891329721599685
2022-08-10,0.000550509541612006,0.000550509541612006,0.00707008970606383,0.00707008970606383,0,0.00730759901214052
2022-08-11,0.00706094214036664,0.00706094214036664,0.00667363275264191,0.00667363275264191,0,0.000550509541612006
2022-08-12,0.00221456798372845,0.00221456798372845,0.00651820540629216,0.00651820540629216,0,0.00706094214036664
2022-08-16,0.00715585503273301,0.00715585503273301,0.0065217330826351,0.0065217330826351,0,0.00221456798372845
2022-08-17,0.00665373790702166,0.00665373790702166,0.00618730662312514,0.00618730662312514,0,0.00715585503273301
2022-08-18,0.000682437022927074,0.000682437022927074,0.00625465391477368,0.00625465391477368,0,0.00665373790702166
2022-08-19,-0.011090751389955,-0.011090751389955,0.00699477463735392,0.00699477463735392,0,0.000682437022927074
2022-08-22,-0.0151921485542089,-0.0151921485542089,0.00814481327987086,0.00814481327987086,0,-0.011090751389955
2022-08-23,0.00495040865794604,0.00495040865794604,0.0081034790638805,0.0081034790638805,0,-0.0151921485542089
2022-08-24,0.00156039303283523,0.00156039303283523,0.00789819874040466,0.00789819874040466,0,0.00495040865794604
2022-08-25,-0.00469719679550872,-0.00469719679550872,0.00762131243299592,0.00762131243299592,0,0.00156039303283523
2022-08-26,0.002078094793882,0.002078094793882,0.00746841519170081,0.00746841519170081,0,-0.00469719679550872
2022-08-29,-0.0141090551859437,-0.0141090551859437,0.00755216692857989,0.00755216692857989,0,0.002078094793882
2022-08-30,0.0254574554274317,0.0254574554274317,0.00893710137161884,0.00893710137161884,0,-0.0141090551859437
2022-09-01,-0.0122657125065036,-0.0122657125065036,0.00920365976421096,0.00920365976421096,0,0.0254574554274317
2022-09-02,-0.000191068845937581,-0.000191068845937581,0.00920512062926177,0.00920512062926177,0,-0.0122657125065036
2022-09-05,0.00717802628935595,0.00717802628935595,0.00931627500869656,0.00931627500869656,0,-0.000191068845937581
2022-09-06,-0.000577619915734608,-0.000577619915734608,0.00931785838430912,0.00931785838430912,0,0.00717802628935595
2022-09-07,-0.00176866365550116,-0.00176866365550116,0.00933516684963223,0.00933516684963223,0,-0.000577619915734608
2022-09-08,0.00984390238351246,0.00984390238351246,0.00944695645072577,0.00944695645072577,0,-0.00176866365550116
2022-09-09,0.00194204779560107,0.00194204779560107,0.00945034207751756,0.00945034207751756,0,0.00984390238351246
2022-09-12,0.00575908027928383,0.00575908027928383,0.0094096646295804,0.0094096646295804,0,0.00194204779560107
2022-09-13,0.00742655666403491,0.00742655666403491,0.0095229996325538,0.0095229996325538,0,0.00575908027928383
2022-09-14,-0.00367584532086419,-0.00367584532086419,0.00946469220741775,0.00946469220741775,0,0.00742655666403491
2022-09-15,-0.00704270237940972,-0.00704270237940972,0.0094913329382065,0.0094913329382065,0,-0.00367584532086419
2022-09-16,-0.0195752033704768,-0.0195752033704768,0.0104283671825597,0.0104283671825597,0,-0.00704270237940972
2022-09-19,0.0052001443746095,0.0052001443746095,0.0102498136923824,0.0102498136923824,0,-0.0195752033704768
2022-09-20,0.010948654031258,0.010948654031258,0.00992377683416474,0.00992377683416474,0,0.0052001443746095
2022-09-21,-0.00551015851615793,-0.00551015851615793,0.00997581489579433,0.00997581489579433,0,0.010948654031258
2022-09-22,-0.0050101073108319,-0.0050101073108319,0.0100435172854154,0.0100435172854154,0,-0.00551015851615793
2022-09-23,-0.0173045408909074,-0.0173045408909074,0.0107306427893869,0.0107306427893869,0,-0.0050101073108319
2022-09-26,-0.018114401349381,-0.018114401349381,0.0113985327953892,0.0113985327953892,1,-0.0173045408909074
2022-09-27,-0.000523187691019347,-0.000523187691019347,0.0110101123678666,0.0110101123678666,1,-0.018114401349381
2022-09-28,-0.00878767724693557,-0.00878767724693557,0.00921316535753159,0.00921316535753159,0,-0.000523187691019347
2022-09-29,-0.00240522500507921,-0.00240522500507921,0.00892826434896766,0.00892826434896766,0,-0.00878767724693557
2022-09-30,0.0162923125267818,0.0162923125267818,0.00982992772055063,0.00982992772055063,0,-0.00240522500507921
2022-10-03,-0.0121831788973241,-0.0121831788973241,0.00990565456426424,0.00990565456426424,0,0.0162923125267818
2022-10-04,0.0226550952685505,0.0226550952685505,0.0113669644136652,0.0113669644136652,1,-0.0121831788973241
2022-10-06,0.00332311646320582,0.00332311646320582,0.0114079503069306,0.0114079503069306,1,0.0226550952685505
2022-10-07,-0.000990023015098638,-0.000990023015098638,0.0111278618770126,0.0111278618770126,1,0.00332311646320582
2022-10-10,-0.00426271832919253,-0.00426271832919253,0.0111168941070808,0.0111168941070808,1,-0.000990023015098638
2022-10-11,-0.0150449936685786,-0.0150449936685786,0.0113540846564918,0.0113540846564918,1,-0.00426271832919253
2022-10-12,0.00821233164438904,0.00821233164438904,0.0113923713744006,0.0113923713744006,1,-0.0150449936685786
2022-10-13,-0.00640052349175172,-0.00640052349175172,0.0114210372511985,0.0114210372511985,1,0.00821233164438904
2022-10-14,0.0100205145326987,0.0100205145326987,0.0117228107160839,0.0117228107160839,1,-0.00640052349175172
2022-10-17,0.00731079783482219,0.00731079783482219,0.0111243436182076,0.0111243436182076,1,0.0100205145326987
2022-10-18,0.0100664487390829,0.0100664487390829,0.0113102096847386,0.0113102096847386,1,0.00731079783482219
2022-10-19,0.00144579225936486,0.00144579225936486,0.0110044818461848,0.0110044818461848,1,0.0100664487390829
2022-10-20,0.00294782543941119,0.00294782543941119,0.0109788821521729,0.0109788821521729,1,0.00144579225936486
2022-10-21,0.000702986632631771,0.000702986632631771,0.0109278556452099,0.0109278556452099,1,0.00294782543941119
2022-10-24,0.0087489722600951,0.0087489722600951,0.010311003226615,0.010311003226615,0,0.000702986632631771
2022-10-25,-0.00420495045215882,-0.00420495045215882,0.00936927738416211,0.00936927738416211,0,0.0087489722600951
2022-10-27,0.00455452028328274,0.00455452028328274,0.00937049064728264,0.00937049064728264,0,-0.00420495045215882
2022-10-28,0.00280666287905275,0.00280666287905275,0.00901329595101734,0.00901329595101734,0,0.00455452028328274
2022-10-31,0.0125926096268806,0.0125926096268806,0.00919012768772928,0.00919012768772928,0,0.00280666287905275
2022-11-01,0.00736784387700839,0.00736784387700839,0.0087382703403546,0.0087382703403546,0,0.0125926096268806
2022-11-02,-0.00345315290724755,-0.00345315290724755,0.00813822186086716,0.00813822186086716,0,0.00736784387700839
2022-11-03,-0.00166873887899308,-0.00166873887899308,0.00682373690201923,0.00682373690201923,0,-0.00345315290724755
2022-11-04,0.00356381023343251,0.00356381023343251,0.00682602681303372,0.00682602681303372,0,-0.00166873887899308
2022-11-07,0.00471644628557311,0.00471644628557311,0.00680420122229354,0.00680420122229354,0,0.00356381023343251
2022-11-09,-0.00251931003418037,-0.00251931003418037,0.00672367831493643,0.00672367831493643,0,0.00471644628557311
2022-11-10,-0.0071190060025469,-0.0071190060025469,0.00579975914429912,0.00579975914429912,0,-0.00251931003418037
2022-11-11,0.0176760277314829,0.0176760277314829,0.00658202425594951,0.00658202425594951,0,-0.0071190060025469
2022-11-14,-0.0011204729970375,-0.0011204729970375,0.0062640080541418,0.0062640080541418,0,0.0176760277314829
2022-11-15,0.00404274135870096,0.00404274135870096,0.0060877808088866,0.0060877808088866,0,-0.0011204729970375
2022-11-16,0.000339553496785159,0.000339553496785159,0.00605293182726642,0.00605293182726642,0,0.00404274135870096
2022-11-17,-0.00357788941437155,-0.00357788941437155,0.00599199292174942,0.00599199292174942,0,0.000339553496785159
2022-11-18,-0.00197808884193615,-0.00197808884193615,0.00606887053315197,0.00606887053315197,0,-0.00357788941437155
2022-11-21,-0.00810044977470842,-0.00810044977470842,0.00648760621757109,0.00648760621757109,0,-0.00197808884193615
2022-11-22,0.0046286016308606,0.0046286016308606,0.00651617853746889,0.00651617853746889,0,-0.00810044977470842
2022-11-23,0.00126266060678162,0.00126266060678162,0.00631172414131029,0.00631172414131029,0,0.0046286016308606
2022-11-24,0.0118010428622144,0.0118010428622144,0.00656136959653077,0.00656136959653077,0,0.00126266060678162
2022-11-25,0.00154880194690549,0.00154880194690549,0.00654118163471105,0.00654118163471105,0,0.0118010428622144
2022-11-28,0.00269720059403328,0.00269720059403328,0.00654064066757636,0.00654064066757636,0,0.00154880194690549
2022-11-29,0.00297469774006588,0.00297469774006588,0.0060677669992917,0.0060677669992917,0,0.00269720059403328
2022-11-30,0.00750738356847486,0.00750738356847486,0.0060747588741939,0.0060747588741939,0,0.00297469774006588
2022-12-01,0.00288257671486024,0.00288257671486024,0.00595810218146218,0.00595810218146218,0,0.00750738356847486
2022-12-02,-0.00620661744253931,-0.00620661744253931,0.00618631425625242,0.00618631425625242,0,0.00288257671486024
2022-12-05,0.000264788725997096,0.000264788725997096,0.0061794117746945,0.0061794117746945,0,-0.00620661744253931
2022-12-06,-0.00312238322806913,-0.00312238322806913,0.00621887967535938,0.00621887967535938,0,0.000264788725997096
2022-12-07,-0.00442166391412227,-0.00442166391412227,0.00629277463646391,0.00629277463646391,0,-0.00312238322806913
2022-12-08,0.00262845494467234,0.00262845494467234,0.00599313063805807,0.00599313063805807,0,-0.00442166391412227
2022-12-09,-0.00607721130359339,-0.00607721130359339,0.00488863465032574,0.00488863465032574,0,0.00262845494467234
2022-12-12,2.97769893584385E-05,2.97769893584385E-05,0.00487657300589443,0.00487657300589443,0,-0.00607721130359339
2022-12-13,0.00597490849551022,0.00597490849551022,0.00496961571529662,0.00496961571529662,0,2.97769893584385E-05
2022-12-14,0.00280671855102822,0.00280671855102822,0.00499460140533264,0.00499460140533264,0,0.00597490849551022
2022-12-15,-0.013238173588299,-0.013238173588299,0.00582562675538705,0.00582562675538705,0,0.00280671855102822
2022-12-16,-0.007954506384605,-0.007954506384605,0.00609013342692001,0.00609013342692001,0,-0.013238173588299
2022-12-19,0.00825578372964522,0.00825578372964522,0.00605816478833267,0.00605816478833267,0,-0.007954506384605
2022-12-20,-0.00190994332052918,-0.00190994332052918,0.00601193943286118,0.00601193943286118,0,0.00825578372964522
2022-12-21,-0.0101793539169422,-0.0101793539169422,0.00645233175186272,0.00645233175186272,0,-0.00190994332052918
2022-12-22,-0.0039502948868902,-0.0039502948868902,0.00584477587010988,0.00584477587010988,0,-0.0101793539169422
2022-12-23,-0.0178413752680846,-0.0178413752680846,0.00691449280744029,0.00691449280744029,0,-0.0039502948868902
2022-12-26,0.0116020678589944,0.0116020678589944,0.00749169259390422,0.00749169259390422,0,-0.0178413752680846
2022-12-27,0.00651240281141387,0.00651240281141387,0.0076431067774629,0.0076431067774629,0,0.0116020678589944
2022-12-28,-0.000540661169144335,-0.000540661169144335,0.00736042459923166,0.00736042459923166,0,0.00651240281141387
2022-12-29,0.00377270608718338,0.00377270608718338,0.00739236870542477,0.00739236870542477,0,-0.000540661169144335
2022-12-30,-0.00472221004112331,-0.00472221004112331,0.00735186687551245,0.00735186687551245,0,0.00377270608718338
2023-01-02,0.0050766752055361,0.0050766752055361,0.00749366342414184,0.00749366342414184,0,-0.00472221004112331
2023-01-03,0.0019270696328716,0.0019270696328716,0.00751636267506637,0.00751636267506637,0,0.0050766752055361
2023-01-04,-0.0104535176122929,-0.0104535176122929,0.00777277311722942,0.00777277311722942,0,0.0019270696328716
2023-01-05,-0.00281941009326808,-0.00281941009326808,0.00771892219907952,0.00771892219907952,0,-0.0104535176122929
2023-01-06,-0.007402837214765,-0.007402837214765,0.00776416848173741,0.00776416848173741,0,-0.00281941009326808
2023-01-09,0.0134454550995231,0.0134454550995231,0.00847340060644947,0.00847340060644947,0,-0.007402837214765
2023-01-10,-0.0103872660939373,-0.0103872660939373,0.00854577852522514,0.00854577852522514,0,0.0134454550995231
2023-01-11,-0.00103050829361861,-0.00103050829361861,0.00847734636027134,0.00847734636027134,0,-0.0103872660939373
2023-01-12,-0.00209767412167886,-0.00209767412167886,0.00806224989072219,0.00806224989072219,0,-0.00103050829361861
2023-01-13,0.00549497087473037,0.00549497087473037,0.00805951578633515,0.00805951578633515,0,-0.00209767412167886
2023-01-16,-0.00344477349777765,-0.00344477349777765,0.0077827150540017,0.0077827150540017,0,0.00549497087473037
2023-01-17,0.00881559670346953,0.00881559670346953,0.00811174011389906,0.00811174011389906,0,-0.00344477349777765
2023-01-18,0.00618737497867869,0.00618737497867869,0.00795150461281358,0.00795150461281358,0,0.00881559670346953
2023-01-19,-0.00317038747070428,-0.00317038747070428,0.00793348323282926,0.00793348323282926,0,0.00618737497867869
2023-01-20,-0.00443881227218415,-0.00443881227218415,0.00684302347814339,0.00684302347814339,0,-0.00317038747070428
2023-01-23,0.00502960639309434,0.00502960639309434,0.00643323166433589,0.00643323166433589,0,-0.00443881227218415
2023-01-24,-1.3798108236478E-05,-1.3798108236478E-05,0.00626417215853934,0.00626417215853934,0,0.00502960639309434
2023-01-25,-0.0125716729916368,-0.0125716729916368,0.0068638845540955,0.0068638845540955,0,-1.3798108236478E-05
2023-01-27,-0.0162048389496388,-0.0162048389496388,0.00760185439803555,0.00760185439803555,0,-0.0125716729916368
2023-01-30,0.00253023885150363,0.00253023885150363,0.00761999716078957,0.00761999716078957,0,-0.0162048389496388
2023-01-31,0.000747706677847043,0.000747706677847043,0.00749041844939189,0.00749041844939189,0,0.00253023885150363
2023-02-01,-0.00259929978027226,-0.00259929978027226,0.00744991969604477,0.00744991969604477,0,0.000747706677847043
2023-02-02,-0.000334995357719693,-0.000334995357719693,0.00716362560692678,0.00716362560692678,0,-0.00259929978027226
2023-02-03,0.0137407582052343,0.0137407582052343,0.00788858033720676,0.00788858033720676,0,-0.000334995357719693
2023-02-06,-0.00502272595667895,-0.00502272595667895,0.00779453499056594,0.00779453499056594,0,0.0137407582052343
2023-02-07,-0.00242909933985153,-0.00242909933985153,0.00710228893293909,0.00710228893293909,0,-0.00502272595667895
2023-02-08,0.00843982073038998,0.00843982073038998,0.00704845127045676,0.00704845127045676,0,-0.00242909933985153
2023-02-09,0.00121626799448379,0.00121626799448379,0.00705105685161042,0.00705105685161042,0,0.00843982073038998
2023-02-10,-0.00206709283308457,-0.00206709283308457,0.00705058275152337,0.00705058275152337,0,0.00121626799448379
2023-02-13,-0.00480527757564465,-0.00480527757564465,0.00700374653564808,0.00700374653564808,0,-0.00206709283308457
2023-02-14,0.008904589905163,0.008904589905163,0.00727155389517328,0.00727155389517328,0,-0.00480527757564465
2023-02-15,0.00478500437932725,0.00478500437932725,0.00707029078700901,0.00707029078700901,0,0.008904589905163
2023-02-16,0.00110951785824931,0.00110951785824931,0.00692210391361144,0.00692210391361144,0,0.00478500437932725
2023-02-17,-0.00509452276112701,-0.00509452276112701,0.00697641138047995,0.00697641138047995,0,0.00110951785824931
2023-02-20,-0.00556597984678263,-0.00556597984678263,0.00701474476412198,0.00701474476412198,0,-0.00509452276112701
2023-02-21,-0.00100362996109548,-0.00100362996109548,0.00689263213704985,0.00689263213704985,0,-0.00556597984678263
2023-02-22,-0.0153983109464969,-0.0153983109464969,0.0076190545442392,0.0076190545442392,0,-0.00100362996109548
2023-02-23,-0.00245544712237856,-0.00245544712237856,0.00717380577754242,0.00717380577754242,0,-0.0153983109464969
2023-02-24,-0.00259880369066827,-0.00259880369066827,0.0062490841120858,0.0062490841120858,0,-0.00245544712237856
2023-02-27,-0.00419419479681634,-0.00419419479681634,0.0062642893066017,0.0062642893066017,0,-0.00259880369066827
2023-02-28,-0.00511577904808773,-0.00511577904808773,0.00632830911944718,0.00632830911944718,0,-0.00419419479681634
2023-03-01,0.00845649164129351,0.00845649164129351,0.00665779806868915,0.00665779806868915,0,-0.00511577904808773
2023-03-02,-0.00741962619621284,-0.00741962619621284,0.00683622332235236,0.00683622332235236,0,0.00845649164129351
2023-03-03,0.0156061861385825,0.0156061861385825,0.00705466242550883,0.00705466242550883,0,-0.00741962619621284
2023-03-06,0.00663347340412609,0.00663347340412609,0.00716224823937328,0.00716224823937328,0,0.0156061861385825
2023-03-08,0.0024221155475668,0.0024221155475668,0.00716314113220207,0.00716314113220207,0,0.00663347340412609
2023-03-09,-0.00932559843808256,-0.00932559843808256,0.00717507406171694,0.00717507406171694,0,0.0024221155475668
2023-03-10,-0.0100964628118636,-0.0100964628118636,0.00744881896545738,0.00744881896545738,0,-0.00932559843808256
2023-03-13,-0.0149624166878138,-0.0149624166878138,0.00804721056385103,0.00804721056385103,0,-0.0100964628118636
2023-03-14,-0.00649170612814226,-0.00649170612814226,0.00808682484664,0.00808682484664,0,-0.0149624166878138
2023-03-15,-0.00418342205913965,-0.00418342205913965,0.00766903520134073,0.00766903520134073,0,-0.00649170612814226
2023-03-16,0.000792114875291824,0.000792114875291824,0.00751308936848898,0.00751308936848898,0,-0.00418342205913965
2023-03-17,0.00671552988972719,0.00671552988972719,0.00777239119076074,0.00777239119076074,0,0.000792114875291824
2023-03-20,-0.00655065196800194,-0.00655065196800194,0.0078031162474015,0.0078031162474015,0,0.00671552988972719
2023-03-21,0.00698618264457019,0.00698618264457019,0.00806401454922553,0.00806401454922553,0,-0.00655065196800194
2023-03-22,0.00259201357744389,0.00259201357744389,0.00812977295531843,0.00812977295531843,0,0.00698618264457019
2023-03-23,-0.00438228148901377,-0.00438228148901377,0.00751947899214399,0.00751947899214399,0,0.00259201357744389
2023-03-24,-0.00775089405044884,-0.00775089405044884,0.00765146362356832,0.00765146362356832,0,-0.00438228148901377
2023-03-27,0.002395965721106,0.002395965721106,0.00769999717764854,0.00769999717764854,0,-0.00775089405044884
2023-03-28,-0.00200368990792302,-0.00200368990792302,0.00767359912610903,0.00767359912610903,0,0.002395965721106
2023-03-29,0.00758104769273727,0.00758104769273727,0.00786279558688643,0.00786279558688643,0,-0.00200368990792302
2023-03-31,0.0162051828184336,0.0162051828184336,0.00850016496902825,0.00850016496902825,0,0.00758104769273727
2023-04-03,0.0022038676723762,0.0022038676723762,0.00834461265585556,0.00834461265585556,0,0.0162051828184336
2023-04-05,0.00909744726853034,0.00909744726853034,0.00782360146950232,0.00782360146950232,0,0.0022038676723762
2023-04-06,0.00239500447121423,0.00239500447121423,0.00768765731463574,0.00768765731463574,0,0.00909744726853034
2023-04-10,0.00141386324607493,0.00141386324607493,0.00767203276273953,0.00767203276273953,0,0.00239500447121423
2023-04-11,0.00555928681161423,0.00555928681161423,0.00747688039810188,0.00747688039810188,0,0.00141386324607493
2023-04-12,0.00507108823130961,0.00507108823130961,0.00711945374210398,0.00711945374210398,0,0.00555928681161423
2023-04-13,0.000875389176339158,0.000875389176339158,0.0060326770694598,0.0060326770694598,0,0.00507108823130961
2023-04-17,-0.00681870678285114,-0.00681870678285114,0.0060570857914688,0.0060570857914688,0,0.000875389176339158
2023-04-18,-0.00264083727147391,-0.00264083727147391,0.00598480400217524,0.00598480400217524,0,-0.00681870678285114
2023-04-19,-0.00234703514969871,-0.00234703514969871,0.0060584961265138,0.0060584961265138,0,-0.00264083727147391
2023-04-20,0.00032342232975523,0.00032342232975523,0.00595491450832665,0.00595491450832665,0,-0.00234703514969871
2023-04-21,-2.26073449943309E-05,-2.26073449943309E-05,0.00566150174357719,0.00566150174357719,0,0.00032342232975523
2023-04-24,0.00674914693940854,0.00674914693940854,0.00565039162641591,0.00565039162641591,0,-2.26073449943309E-05
2023-04-25,0.00145579750629818,0.00145579750629818,0.00564798361085333,0.00564798361085333,0,0.00674914693940854
2023-04-26,0.00249275326888655,0.00249275326888655,0.00546004792470432,0.00546004792470432,0,0.00145579750629818
2023-04-27,0.00567899673926591,0.00567899673926591,0.00498875095191238,0.00498875095191238,0,0.00249275326888655
2023-04-28,0.00833517928069775,0.00833517928069775,0.00513898963115229,0.00513898963115229,0,0.00567899673926591
2023-05-02,0.00456473266924297,0.00456473266924297,0.00500513091428281,0.00500513091428281,0,0.00833517928069775
2023-05-03,-0.00319011136358512,-0.00319011136358512,0.00511092354746187,0.00511092354746187,0,0.00456473266924297
2023-05-04,0.00913189464670003,0.00913189464670003,0.00432369980539624,0.00432369980539624,0,-0.00319011136358512
2023-05-05,-0.0102851178222678,-0.0102851178222678,0.00518690851593663,0.00518690851593663,0,0.00913189464670003
2023-05-08,0.0107560686526575,0.0107560686526575,0.00531973554507794,0.00531973554507794,0,-0.0102851178222678
2023-05-09,8.47967863702055E-05,8.47967863702055E-05,0.00533519267467568,0.00533519267467568,0,0.0107560686526575
2023-05-10,0.00268720672458054,0.00268720672458054,0.0053371933653609,0.0053371933653609,0,8.47967863702055E-05
2023-05-11,-0.000988722910872854,-0.000988722910872854,0.00530312536650197,0.00530312536650197,0,0.00268720672458054
2023-05-12,0.000972406834562483,0.000972406834562483,0.00524057837863238,0.00524057837863238,0,-0.000988722910872854
2023-05-15,0.00457862261379524,0.00457862261379524,0.00528663130116002,0.00528663130116002,0,0.000972406834562483
2023-05-16,-0.00612505873961325,-0.00612505873961325,0.00523063965469147,0.00523063965469147,0,0.00457862261379524
2023-05-17,-0.0057447389485387,-0.0057447389485387,0.00540651006278105,0.00540651006278105,0,-0.00612505873961325
2023-05-18,-0.00285311993125948,-0.00285311993125948,0.00542639104830001,0.00542639104830001,0,-0.0057447389485387
2023-05-19,0.00404318746967998,0.00404318746967998,0.00545015935331941,0.00545015935331941,0,-0.00285311993125948
2023-05-22,0.00607924570918551,0.00607924570918551,0.00552388878576755,0.00552388878576755,0,0.00404318746967998
2023-05-23,0.00183291974468469,0.00183291974468469,0.00540586156696925,0.00540586156696925,0,0.00607924570918551
2023-05-24,-0.00341762815565687,-0.00341762815565687,0.00552480590701736,0.00552480590701736,0,0.00183291974468469
2023-05-25,0.00195320294332879,0.00195320294332879,0.00552066774748951,0.00552066774748951,0,-0.00341762815565687
2023-05-26,0.00967942369368619,0.00967942369368619,0.00575133375291202,0.00575133375291202,0,0.00195320294332879
2023-05-29,0.00535344322647625,0.00535344322647625,0.00560445434689756,0.00560445434689756,0,0.00967942369368619
2023-05-30,0.00189077978844158,0.00189077978844158,0.00555808378154206,0.00555808378154206,0,0.00535344322647625
2023-05-31,-0.00535131226643024,-0.00535131226643024,0.00567029999467593,0.00567029999467593,0,0.00189077978844158
2023-06-01,-0.00252013536884395,-0.00252013536884395,0.00540639507662772,0.00540639507662772,0,-0.00535131226643024
2023-06-02,0.00250390696737063,0.00250390696737063,0.00476563490860187,0.00476563490860187,0,-0.00252013536884395
2023-06-05,0.0032186023111129,0.0032186023111129,0.00424571643903469,0.00424571643903469,0,0.00250390696737063
2023-06-06,0.000276955958578812,0.000276955958578812,0.00424400628679083,0.00424400628679083,0,0.0032186023111129
2023-06-07,0.00682649799015733,0.00682649799015733,0.00443232232722858,0.00443232232722858,0,0.000276955958578812
2023-06-08,-0.00491688736708302,-0.00491688736708302,0.00461356514376068,0.00461356514376068,0,0.00682649799015733
2023-06-09,-0.0038255051772626,-0.0038255051772626,0.00473354954299482,0.00473354954299482,0,-0.00491688736708302
2023-06-12,0.00205030134999822,0.00205030134999822,0.00465692720517945,0.00465692720517945,0,-0.0038255051772626
2023-06-13,0.00614458574708609,0.00614458574708609,0.00453828486813631,0.00453828486813631,0,0.00205030134999822
2023-06-14,0.00212158203680787,0.00212158203680787,0.00423929715954382,0.00423929715954382,0,0.00614458574708609
2023-06-15,-0.0036214536561357,-0.0036214536561357,0.00428458090607666,0.00428458090607666,0,0.00212158203680787
2023-06-16,0.0073519563684706,0.0073519563684706,0.00444805565533472,0.00444805565533472,0,-0.0036214536561357
2023-06-19,-0.00375455793187342,-0.00375455793187342,0.00447974758919769,0.00447974758919769,0,0.0073519563684706
2023-06-20,0.0032603966930516,0.0032603966930516,0.00450185001223762,0.00450185001223762,0,-0.00375455793187342
2023-06-21,0.00213149050594019,0.00213149050594019,0.00436729874229299,0.00436729874229299,0,0.0032603966930516
2023-06-22,-0.00454977837979341,-0.00454977837979341,0.00457208643799152,0.00457208643799152,0,0.00213149050594019
2023-06-23,-0.00564954389852023,-0.00564954389852023,0.00435803315778675,0.00435803315778675,0,-0.00454977837979341
2023-06-26,0.00137588295227468,0.00137588295227468,0.00421061142695101,0.00421061142695101,0,-0.00564954389852023
2023-06-27,0.00672921140282864,0.00672921140282864,0.00444256182902723,0.00444256182902723,0,0.00137588295227468
2023-06-28,0.0081874638686371,0.0081874638686371,0.00453612912367277,0.00453612912367277,0,0.00672921140282864
2023-06-30,0.0113703862194519,0.0113703862194519,0.00498322620104501,0.00498322620104501,0,0.0081874638686371
2023-07-03,0.00693300352742526,0.00693300352742526,0.00511007404856792,0.00511007404856792,0,0.0113703862194519
2023-07-04,0.00343304686441711,0.00343304686441711,0.00511280642265597,0.00511280642265597,0,0.00693300352742526
2023-07-05,0.000489848543472024,0.000489848543472024,0.00510904509143216,0.00510904509143216,0,0.00343304686441711
2023-07-06,0.0050802910218656,0.0050802910218656,0.00503853433447428,0.00503853433447428,0,0.000489848543472024
2023-07-07,-0.00852458571326829,-0.00852458571326829,0.00535451515466994,0.00535451515466994,0,0.0050802910218656
2023-07-10,0.00124585394128858,0.00124585394128858,0.00518980987578205,0.00518980987578205,0,-0.00852458571326829
2023-07-11,0.00430465171072552,0.00430465171072552,0.00521332398590226,0.00521332398590226,0,0.00124585394128858
2023-07-12,-0.00283845407345589,-0.00283845407345589,0.00524274617927887,0.00524274617927887,0,0.00430465171072552
2023-07-13,0.00151807752258794,0.00151807752258794,0.00524225491279667,0.00524225491279667,0,-0.00283845407345589
2023-07-14,0.00773512159422672,0.00773512159422672,0.00524786848701372,0.00524786848701372,0,0.00151807752258794
2023-07-17,0.00748294604549749,0.00748294604549749,0.00525459392022101,0.00525459392022101,0,0.00773512159422672
2023-07-18,0.00191587040072204,0.00191587040072204,0.00506021030896269,0.00506021030896269,0,0.00748294604549749
2023-07-19,0.00423928389630214,0.00423928389630214,0.00507184259668196,0.00507184259668196,0,0.00191587040072204
2023-07-20,0.00733444948570552,0.00733444948570552,0.00517724126401724,0.00517724126401724,0,0.00423928389630214
2023-07-21,-0.0117889545859249,-0.0117889545859249,0.00592400676651657,0.00592400676651657,0,0.00733444948570552
2023-07-24,-0.00368621805426484,-0.00368621805426484,0.00579624241834063,0.00579624241834063,0,-0.0117889545859249
2023-07-25,0.000419282431667489,0.000419282431667489,0.00581103666785729,0.00581103666785729,0,-0.00368621805426484
2023-07-26,0.00495205748600064,0.00495205748600064,0.005757576846222,0.005757576846222,0,0.000419282431667489
2023-07-27,-0.00600436849679715,-0.00600436849679715,0.00589143796506201,0.00589143796506201,0,0.00495205748600064
2023-07-28,-0.000704708042179025,-0.000704708042179025,0.00545987107292469,0.00545987107292469,0,-0.00600436849679715
2023-07-31,0.00546957738925364,0.00546957738925364,0.00538800178223182,0.00538800178223182,0,-0.000704708042179025
2023-08-01,-0.00102564497105404,-0.00102564497105404,0.00537878161956253,0.00537878161956253,0,0.00546957738925364
2023-08-02,-0.0105451544933879,-0.0105451544933879,0.00595599556641896,0.00595599556641896,0,-0.00102564497105404
2023-08-03,-0.00744835567611935,-0.00744835567611935,0.00608737754623894,0.00608737754623894,0,-0.0105451544933879
2023-08-04,0.00695911833733275,0.00695911833733275,0.00596944999371756,0.00596944999371756,0,-0.00744835567611935
2023-08-07,0.00410596086144524,0.00410596086144524,0.00602286491474692,0.00602286491474692,0,0.00695911833733275
2023-08-08,-0.00135064717799163,-0.00135064717799163,0.0059733078077194,0.0059733078077194,0,0.00410596086144524
2023-08-09,0.00314774852214089,0.00314774852214089,0.00595577225439973,0.00595577225439973,0,-0.00135064717799163
2023-08-10,-0.00456667988602403,-0.00456667988602403,0.0060628079086122,0.0060628079086122,0,0.00314774852214089
2023-08-11,-0.00589145676176322,-0.00589145676176322,0.00595172293210887,0.00595172293210887,0,-0.00456667988602403
2023-08-14,0.000321643924858679,0.000321643924858679,0.00566419531610076,0.00566419531610076,0,-0.00589145676176322
2023-08-16,0.00156553093068837,0.00156553093068837,0.00565619186435232,0.00565619186435232,0,0.000321643924858679
2023-08-17,-0.00513775829006053,-0.00513775829006053,0.00561150982773908,0.00561150982773908,0,0.00156553093068837
2023-08-18,-0.00284933813725064,-0.00284933813725064,0.00524714232095457,0.00524714232095457,0,-0.00513775829006053
2023-08-21,0.0043122099570484,0.0043122099570484,0.00483740258210779,0.00483740258210779,0,-0.00284933813725064
2023-08-22,0.000146924763758424,0.000146924763758424,0.00479687835177623,0.00479687835177623,0,0.0043122099570484
2023-08-23,0.00244851982729427,0.00244851982729427,0.00484317460269001,0.00484317460269001,0,0.000146924763758424
2023-08-24,-0.00295131553100646,-0.00295131553100646,0.00468578871542818,0.00468578871542818,0,0.00244851982729427
2023-08-25,-0.0062556798015631,-0.0062556798015631,0.00470022986837927,0.00470022986837927,0,-0.00295131553100646
2023-08-28,0.00208701490745364,0.00208701490745364,0.00475103029279996,0.00475103029279996,0,-0.0062556798015631
2023-08-29,0.00189396379209596,0.00189396379209596,0.00456337151097775,0.00456337151097775,0,0.00208701490745364
2023-08-30,0.000248064915730876,0.000248064915730876,0.00457263224580877,0.00457263224580877,0,0.00189396379209596
2023-08-31,-0.00485210303964814,-0.00485210303964814,0.00409904813519445,0.00409904813519445,0,0.000248064915730876
2023-09-01,0.00938255602520255,0.00938255602520255,0.0043607551209465,0.0043607551209465,0,-0.00485210303964814
2023-09-04,0.00479929862196319,0.00479929862196319,0.00420698198915547,0.00420698198915547,0,0.00938255602520255
2023-09-05,0.00235781418894965,0.00235781418894965,0.00413539594105939,0.00413539594105939,0,0.00479929862196319
2023-09-06,0.00184506945981456,0.00184506945981456,0.00414451689664056,0.00414451689664056,0,0.00235781418894965
2023-09-07,0.00589760723655124,0.00589760723655124,0.00429378051567984,0.00429378051567984,0,0.00184506945981456
2023-09-08,0.00469813681821218,0.00469813681821218,0.00424742456819417,0.00424742456819417,0,0.00589760723655124
2023-09-11,0.00886077058705894,0.00886077058705894,0.00432217510153214,0.00432217510153214,0,0.00469813681821218
2023-09-12,-0.000157560698924551,-0.000157560698924551,0.00433002771213909,0.00433002771213909,0,0.00886077058705894
2023-09-13,0.00383398614314705,0.00383398614314705,0.00436370308659301,0.00436370308659301,0,-0.000157560698924551
2023-09-14,0.00164784978937438,0.00164784978937438,0.00407200519740793,0.00407200519740793,0,0.00383398614314705
2023-09-15,0.00442978786322284,0.00442978786322284,0.0039515413273645,0.0039515413273645,0,0.00164784978937438
2023-09-18,-0.00292860101482276,-0.00292860101482276,0.00408067199248645,0.00408067199248645,0,0.00442978786322284
2023-09-20,-0.0115850988033337,-0.0115850988033337,0.0050659447940662,0.0050659447940662,0,-0.00292860101482276
2023-09-21,-0.00802404589005525,-0.00802404589005525,0.00546487851726847,0.00546487851726847,0,-0.0115850988033337
2023-09-22,-0.00345538061664478,-0.00345538061664478,0.00548403088697826,0.00548403088697826,0,-0.00802404589005525
2023-09-25,1.52879500282481E-05,1.52879500282481E-05,0.00523693725485441,0.00523693725485441,0,-0.00345538061664478
2023-09-26,-0.000500851577289424,-0.000500851577289424,0.0052419269657835,0.0052419269657835,0,1.52879500282481E-05
2023-09-27,0.00262816255191712,0.00262816255191712,0.00525166614360247,0.00525166614360247,0,-0.000500851577289424
2023-09-28,-0.00983180384121334,-0.00983180384121334,0.00578034881737776,0.00578034881737776,0,0.00262816255191712
2023-09-29,0.00586031169767528,0.00586031169767528,0.00575916835210116,0.00575916835210116,0,-0.00983180384121334
2023-10-03,-0.00559404217312967,-0.00559404217312967,0.00558122830895991,0.00558122830895991,0,0.00586031169767528
2023-10-04,-0.00475559721988333,-0.00475559721988333,0.0055793458892338,0.0055793458892338,0,-0.00559404217312967
2023-10-05,0.00562572997001975,0.00562572997001975,0.0057057839335784,0.0057057839335784,0,-0.00475559721988333
2023-10-06,0.00549756800854602,0.00549756800854602,0.005827609856948,0.005827609856948,0,0.00562572997001975
2023-10-09,-0.00720786108991302,-0.00720786108991302,0.00587894193835456,0.00587894193835456,0,0.00549756800854602
2023-10-10,0.0090556762901256,0.0090556762901256,0.00615770441261256,0.00615770441261256,0,-0.00720786108991302
2023-10-11,0.00615173136873013,0.00615173136873013,0.00597190198284886,0.00597190198284886,0,0.0090556762901256
2023-10-12,-0.000876124597101477,-0.000876124597101477,0.00597211818863825,0.00597211818863825,0,0.00615173136873013
2023-10-13,-0.00217216742873309,-0.00217216742873309,0.00589316613231636,0.00589316613231636,0,-0.000876124597101477
2023-10-16,-0.000977680529521544,-0.000977680529521544,0.00586492048639227,0.00586492048639227,0,-0.00217216742873309
2023-10-17,0.00403356366132062,0.00403356366132062,0.00584649494434231,0.00584649494434231,0,-0.000977680529521544
2023-10-18,-0.00711204347306506,-0.00711204347306506,0.00599390994556293,0.00599390994556293,0,0.00403356366132062
2023-10-19,-0.00236159658660021,-0.00236159658660021,0.00548271169158378,0.00548271169158378,0,-0.00711204347306506
2023-10-20,-0.00418966046780917,-0.00418966046780917,0.00527628170964148,0.00527628170964148,0,-0.00236159658660021
2023-10-23,-0.0134402239519691,-0.0134402239519691,0.00599345066281436,0.00599345066281436,0,-0.00418966046780917
2023-10-25,-0.00831168327000983,-0.00831168327000983,0.00620417640110174,0.00620417640110174,0,-0.0134402239519691
2023-10-26,-0.013949914095014,-0.013949914095014,0.00679918199809818,0.00679918199809818,0,-0.00831168327000983
2023-10-27,0.0100252788637634,0.0100252788637634,0.00725558270224807,0.00725558270224807,0,-0.013949914095014
2023-10-30,0.00490469307389349,0.00490469307389349,0.00713643532897767,0.00713643532897767,0,0.0100252788637634
2023-10-31,-0.00320774630439441,-0.00320774630439441,0.0069643113620475,0.0069643113620475,0,0.00490469307389349
2023-11-01,-0.00475189697319571,-0.00475189697319571,0.0069403980876229,0.0069403980876229,0,-0.00320774630439441
2023-11-02,0.00755987525406464,0.00755987525406464,0.00716965003422074,0.00716965003422074,0,-0.00475189697319571
2023-11-03,0.00507508080208123,0.00507508080208123,0.00714474938372203,0.00714474938372203,0,0.00755987525406464
2023-11-06,0.00937581277895477,0.00937581277895477,0.00737398036252793,0.00737398036252793,0,0.00507508080208123
2023-11-07,-0.000260225814279133,-0.000260225814279133,0.0072090444836766,0.0072090444836766,0,0.00937581277895477
2023-11-08,0.00189449696510718,0.00189449696510718,0.00689228348804212,0.00689228348804212,0,-0.000260225814279133
2023-11-09,-0.0024820150223141,-0.0024820150223141,0.00671325132707748,0.00671325132707748,0,0.00189449696510718
2023-11-10,0.00154808504359449,0.00154808504359449,0.00673860614620926,0.00673860614620926,0,-0.0024820150223141
2023-11-13,0.000936541709307423,0.000936541709307423,0.00674453931772566,0.00674453931772566,0,0.00154808504359449
2023-11-15,0.0118561902899385,0.0118561902899385,0.00731186252019173,0.00731186252019173,0,0.000936541709307423
2023-11-16,0.00455115006833124,0.00455115006833124,0.00732831986062661,0.00732831986062661,0,0.0118561902899385
2023-11-17,-0.00169118897436739,-0.00169118897436739,0.00715416409608306,0.00715416409608306,0,0.00455115006833124
2023-11-20,-0.00191756626797325,-0.00191756626797325,0.00714663141132065,0.00714663141132065,0,-0.00169118897436739
2023-11-21,0.00452920114130091,0.00452920114130091,0.0071322044983165,0.0071322044983165,0,-0.00191756626797325
2023-11-22,0.00143700184469469,0.00143700184469469,0.00631890083400841,0.00631890083400841,0,0.00452920114130091
2023-11-23,-0.000497281111283042,-0.000497281111283042,0.00591856152113053,0.00591856152113053,0,0.00143700184469469
2023-11-24,-0.000368757066966496,-0.000368757066966496,0.00467031485282816,0.00467031485282816,0,-0.000497281111283042
2023-11-28,0.00478778488339094,0.00478778488339094,0.00435817854631459,0.00435817854631459,0,-0.000368757066966496
2023-11-29,0.0103486565738691,0.0103486565738691,0.00469533064869929,0.00469533064869929,0,0.00478778488339094
2023-11-30,0.0018171025823992,0.0018171025823992,0.00450814214621399,0.00450814214621399,0,0.0103486565738691
2023-12-01,0.00667064331563437,0.00667064331563437,0.00423110584952136,0.00423110584952136,0,0.0018171025823992
2023-12-04,0.0204574804837739,0.0204574804837739,0.00566209839935683,0.00566209839935683,0,0.00667064331563437
2023-12-05,0.00810265044774434,0.00810265044774434,0.00573507356955474,0.00573507356955474,0,0.0204574804837739
2023-12-06,0.00395282054522354,0.00395282054522354,0.00559678930816726,0.00559678930816726,0,0.00810265044774434
2023-12-07,-0.00174712439577914,-0.00174712439577914,0.00566281925848526,0.00566281925848526,0,0.00395282054522354
2023-12-08,0.0032600507599203,0.0032600507599203,0.00564799923788586,0.00564799923788586,0,-0.00174712439577914
2023-12-11,0.00132006351600992,0.00132006351600992,0.0054879396269407,0.0054879396269407,0,0.0032600507599203
2023-12-12,-0.0043289634704181,-0.0043289634704181,0.00577419376093164,0.00577419376093164,0,0.00132006351600992
2023-12-13,0.000953760881713547,0.000953760881713547,0.00577376540656189,0.00577376540656189,0,-0.0043289634704181
2023-12-14,0.0121756621637251,0.0121756621637251,0.00579798265284168,0.00579798265284168,0,0.000953760881713547
2023-12-15,0.0128498649215015,0.0128498649215015,0.00614912340973548,0.00614912340973548,0,0.0121756621637251
2023-12-18,-0.00177258278110746,-0.00177258278110746,0.0061531874217019,0.0061531874217019,0,0.0128498649215015
2023-12-19,0.00160708280694744,0.00160708280694744,0.00602077206550417,0.00602077206550417,0,-0.00177258278110746
2023-12-20,-0.0142221227330497,-0.0142221227330497,0.00730301273983559,0.00730301273983559,0,0.00160708280694744
2023-12-21,0.00494753481677535,0.00494753481677535,0.00729704752352584,0.00729704752352584,0,-0.0142221227330497
2023-12-22,0.00442910358037573,0.00442910358037573,0.00723735853560194,0.00723735853560194,0,0.00494753481677535
2023-12-26,0.00429762788790133,0.00429762788790133,0.00717210409770031,0.00717210409770031,0,0.00442910358037573
2023-12-27,0.00990354750213893,0.00990354750213893,0.00729207468270334,0.00729207468270334,0,0.00429762788790133
2023-12-28,0.00570756214221481,0.00570756214221481,0.00716048075115824,0.00716048075115824,0,0.00990354750213893
2023-12-29,-0.00217415483674988,-0.00217415483674988,0.00727970581901959,0.00727970581901959,0,0.00570756214221481
